gre_score,toefl_score,uni_rating,sop,lor,cgpa,research,accept_status,severity_cons,dur_cons,util_cons,prin_up,prin_vi,moral_int,ESA,CST,accept_status_moral
337,118,4,4.5,4.5,9.65,1,1,0.956485294,0.772,0.979836601,0.939044118,0,0.933333333,0.872009368,0.214371114,1
324,107,4,4,4.5,8.87,1,1,0.154741176,0.7096,0.910535948,0.884985294,0,0.9,0.61609939,0.222791159,1
316,104,3,3,3.5,8,1,1,0.256470588,0.48,0.865359477,0.757352941,0,0.766666667,0.549076253,0.20199083,1
322,110,3,3.5,2.5,8.67,1,1,0.1789,0.5202,0.91024183,0.753514706,0,0.733333333,0.548105664,0.207246008,1
314,103,2,2,3,8.21,0,1,0.241782353,0.19704,0.867620915,0.686132353,0,0.333333333,0.429942126,0.197700209,1
330,115,5,4.5,3,9.34,1,1,0.093470588,0.934,0.95430719,0.851147059,0,0.833333333,0.663232505,0.232166887,1
321,109,3,3,4,8.2,1,1,0.225823529,0.492,0.890816993,0.791029412,0,0.8,0.556253159,0.20783555,1
308,101,2,3,4,7.9,0,1,0.284352941,0.1896,0.845849673,0.773970588,0,0.466666667,0.451198344,0.200078905,1
302,102,1,2,1.5,8,0,0,0.289411765,0.096,0.423039216,0.597058824,1,0.233333333,-0.202018301,0.196958853,0
323,108,3,3.5,3,8.6,0,0,0.183,0.3096,0.903333333,0.7775,1,0.433333333,0.389115556,0.201247993,1
325,106,3,3.5,4,8.4,1,0,0.197058824,0.504,0.893071895,0.823970588,1,0.833333333,0.477685839,0.190134714,1
327,111,4,4,4.5,9,1,1,0.134411765,0.72,0.928921569,0.890441176,0,0.9,0.61879085,0.225398798,1
328,112,4,4,4.5,9.1,1,1,0.122117647,0.728,0.936013072,0.893676471,0,0.9,0.619795643,0.22684277,1
307,109,3,4,3,8,1,1,0.277647059,0.48,0.870424837,0.775735294,0,0.8,0.560211329,0.203590174,1
311,104,3,3.5,2,8.2,1,1,0.249941176,0.492,0.867124183,0.708676471,0,0.7,0.541778214,0.197752779,1
314,105,3,3.5,2.5,8.3,0,0,0.233470588,0.2988,0.876176471,0.738382353,1,0.4,0.386656471,0.196748691,1
317,107,3,4,3,8.7,0,1,0.188852941,0.3132,0.898006536,0.800588235,0,0.466666667,0.474729586,0.205054304,1
319,106,3,4,3,8,1,1,0.249411765,0.48,0.873856209,0.784558824,0,0.8,0.554302832,0.205475225,1
318,110,3,4,3,8.8,0,1,0.176941176,0.3168,0.910653595,0.803823529,0,0.466666667,0.476144488,0.206689451,1
303,102,3,3.5,3,8.5,0,1,0.2425,0.306,0.431862745,0.760294118,0,0.433333333,-0.356920261,0.175546057,0
312,107,3,3,2,7.9,1,1,0.275058824,0.474,0.866437908,0.676911765,0,0.666666667,0.538285403,0.19433058,1
325,114,4,3,2,8.4,0,1,0.197058824,0.4032,0.915294118,0.698970588,0,0.333333333,0.486731765,0.200121613,1
328,116,5,5,5,9.5,1,1,0.083529412,0.95,0.960457516,0.978676471,0,1,0.690023965,0.244463069,1
334,119,5,5,4.5,9.7,1,1,0.047117647,0.97,0.981339869,0.963088235,0,0.966666667,0.687302397,0.246744018,1
336,119,5,4,3.5,9.8,1,1,0.031529412,0.98,0.986633987,0.867058824,0,0.833333333,0.668874946,0.240788606,1
340,120,5,4.5,4.5,9.6,1,1,0.04,0.96,0.986666667,0.94,0,0.933333333,0.679644444,0.245006207,1
322,109,5,4.5,3.5,8.8,0,1,0.166588235,0.528,0.911797386,0.856764706,0,0.533333333,0.539577342,0.208988361,1
298,98,2,1.5,2.5,7.5,1,0,0.342647059,0.3,0.407189542,0.606617647,1,0.6,-0.296485839,0.1775115,0
295,93,1,2,2,7.2,0,0,0.375294118,0.0864,0.39377451,0.596911765,0,0.266666667,-0.297211242,0.165488468,0
310,99,2,1.5,2,7.3,0,0,0.334411765,0.1752,0.822254902,0.585441176,1,0.233333333,0.340666405,0.200523899,1
300,97,2,3,3,8.1,1,1,0.285294118,0.324,0.416781046,0.723088235,0,0.733333333,-0.390133769,0.184168888,0
327,103,3,4,4,8.3,1,1,0.201735294,0.498,0.883366013,0.847941176,0,0.866666667,0.559328976,0.214368173,1
338,118,4,3,4.5,9.4,1,1,0.065529412,0.752,0.97248366,0.858529412,0,0.833333333,0.612685839,0.229136897,1
340,114,5,4,4,9.6,1,1,0.04,0.96,0.97,0.89,0,0.866666667,0.665866667,0.240240745,1
331,112,5,4,5,9.8,1,1,0.045941176,0.98,0.962287582,0.938382353,0,0.933333333,0.67993159,0.244311248,1
320,110,5,5,5,9.2,1,1,0.134117647,0.92,0.925947712,0.965294118,0,1,0.685240959,0.238081446,1
300,105,1,1,2,7.8,0,0,0.311764706,0.0936,0.422892157,0.565588235,1,0.2,-0.202115556,0.197057978,0
304,105,1,3,1.5,7.5,0,0,0.329411765,0.09,0.419852941,0.636029412,1,0.3,-0.218686275,0.195219872,0
307,108,2,4,3.5,7.7,0,0,0.304735294,0.1848,0.857647059,0.793235294,1,0.5,0.382707451,0.197950979,1
308,110,3,3.5,3,8,1,0,0.275294118,0.48,0.874183007,0.751470588,1,0.766666667,0.475978214,0.180021995,1
316,105,2,2.5,2.5,8.2,1,0,0.237882353,0.328,0.874803922,0.687352941,1,0.666666667,0.412504575,0.189637969,1
313,107,2,2.5,2,8.5,1,0,0.2175,0.34,0.887418301,0.667647059,1,0.633333333,0.409389978,0.190861381,1
332,117,4,4.5,4,9.1,0,1,0.111411765,0.4368,0.953823529,0.896617647,0,0.566666667,0.51760549,0.217919495,1
326,113,5,4.5,4,9.4,1,1,0.098705882,0.94,0.946830065,0.899705882,0,0.9,0.673452723,0.235584827,1
322,110,5,5,4,9.1,1,1,0.138176471,0.91,0.924575163,0.914264706,0,0.933333333,0.673874946,0.232579032,1
329,114,5,4,5,9.3,1,1,0.100088235,0.93,0.949215686,0.924411765,0,0.933333333,0.676433987,0.237330032,1
339,119,5,4.5,4,9.7,0,1,0.032852941,0.582,0.98624183,0.916764706,0,0.566666667,0.545633115,0.226451191,1
321,110,3,3.5,5,8.85,1,1,0.164455882,0.531,0.915261438,0.882279412,0,0.9,0.572106972,0.221222973,1
327,111,4,3,4,8.4,1,1,0.192117647,0.672,0.908921569,0.800441176,0,0.8,0.600845752,0.212138167,1
313,98,3,2.5,4.5,8.3,1,1,0.235911765,0.498,0.855751634,0.787647059,0,0.8,0.550922004,0.205111953,1
312,100,2,1.5,3.5,7.9,1,0,0.275058824,0.316,0.846993464,0.676911765,1,0.666666667,0.410966885,0.186127708,1
334,116,4,4,3,8,1,1,0.214117647,0.64,0.916339869,0.795588235,0,0.8,0.599769063,0.210610812,1
324,112,4,4,2.5,8.1,1,1,0.228117647,0.648,0.89875817,0.765735294,0,0.766666667,0.595892375,0.206558872,1
322,110,3,3,3.5,8,0,1,0.242352941,0.288,0.887908497,0.761764706,0,0.433333333,0.473810893,0.200385672,1
320,103,3,3,3,7.7,0,1,0.275294118,0.2772,0.856503268,0.727794118,0,0.4,0.465956166,0.195186266,1
316,102,3,2,3,7.4,0,1,0.312235294,0.2664,0.839803922,0.667352941,0,0.333333333,0.458305359,0.190482722,1
298,99,2,4,2,7.6,0,0,0.333882353,0.1824,0.410245098,0.709117647,1,0.4,-0.255803399,0.188998346,0
300,99,1,3,2,6.8,1,0,0.4,0.136,0.397892157,0.640588235,0,0.666666667,-0.353618301,0.179879871,0
311,104,2,2,2,8.3,0,0,0.240794118,0.1992,0.870457516,0.636176471,1,0.266666667,0.34168122,0.204812387,1
309,100,2,3,3,8.1,0,0,0.263852941,0.1944,0.850718954,0.729705882,1,0.4,0.359435643,0.199756414,1
307,101,3,4,3,8.2,0,0,0.259588235,0.2952,0.854869281,0.780735294,1,0.466666667,0.395700828,0.193303565,1
304,105,2,3,3,8.2,1,0,0.266823529,0.328,0.431519608,0.728529412,1,0.733333333,-0.310640523,0.18544375,0
315,107,2,4,3,8.5,1,0,0.2125,0.34,0.889379085,0.794117647,1,0.8,0.432030501,0.195576815,1
325,111,3,3,3.5,8.7,0,0,0.168382353,0.3132,0.916960784,0.781470588,1,0.433333333,0.39012915,0.203026467,1
325,112,4,3.5,3.5,8.92,0,0,0.147352941,0.42816,0.927071895,0.811970588,1,0.466666667,0.42298027,0.200276328,1
327,114,3,3,3,9.02,0,1,0.132488235,0.32472,0.937921569,0.765941176,0,0.4,0.465309908,0.20867938,1
316,107,2,3.5,3.5,8.64,1,0,0.196988235,0.3456,0.895026144,0.798352941,1,0.8,0.43123207,0.196918503,1
318,109,3,3.5,4,9.22,1,1,0.137658824,0.5532,0.921875817,0.839323529,0,0.833333333,0.56387512,0.218093157,1
328,115,4,4.5,4,9.16,1,1,0.116329412,0.7328,0.946346405,0.895176471,0,0.9,0.622407669,0.227888948,1
332,118,5,5,5,9.64,1,1,0.058682353,0.964,0.974601307,0.985117647,0,1,0.691418388,0.247567725,1
336,112,5,5,5,9.76,1,1,0.035482353,0.976,0.965856209,0.991058824,0,1,0.686574989,0.249652468,1
321,111,5,5,5,9.45,1,1,0.107808824,0.945,0.938039216,0.972279412,0,1,0.688675163,0.241488263,1
314,108,4,4.5,4,9.04,1,1,0.165129412,0.7232,0.909176471,0.881882353,0,0.9,0.62188549,0.222175354,1
314,106,3,3,5,8.9,0,1,0.178058824,0.3204,0.898954248,0.853382353,0,0.533333333,0.483580741,0.209266758,1
329,114,2,2,4,8.56,1,1,0.171694118,0.3424,0.92454902,0.755911765,0,0.733333333,0.502777778,0.210791667,1
327,112,3,3,3,8.72,1,1,0.161341176,0.5232,0.922366013,0.758441176,0,0.733333333,0.547850545,0.209262155,1
301,99,2,3,2,8.22,0,1,0.272288235,0.19728,0.42204902,0.676823529,0,0.333333333,-0.31857715,0.168093532,0
296,95,2,3,2,7.54,1,0,0.343576471,0.3016,0.40270915,0.656147059,1,0.666666667,-0.305261264,0.179661504,0
294,93,1,1.5,2,7.36,0,0,0.363576471,0.08832,0.39595098,0.575176471,0,0.233333333,-0.290773438,0.163609147,0
312,105,3,2,3,8.02,1,0,0.264047059,0.4812,0.864882353,0.679911765,1,0.666666667,0.457094118,0.179004767,1
340,120,4,5,5,9.5,1,1,0.05,0.76,0.983333333,0.9875,0,1,0.637222222,0.243232365,1
320,110,5,5,4.5,9.22,1,1,0.132235294,0.922,0.926614379,0.940794118,0,0.966666667,0.680823442,0.235890134,1
322,115,5,4,4.5,9.36,1,1,0.113552941,0.936,0.947130719,0.895764706,0,0.9,0.676110153,0.234253302,1
340,115,5,4.5,4.5,9.45,1,1,0.055,0.945,0.967777778,0.93625,0,0.933333333,0.674307407,0.242371771,1
319,103,4,4.5,3.5,8.66,0,1,0.187488235,0.41568,0.887522876,0.851058824,0,0.533333333,0.508269002,0.206210182,1
315,106,3,4.5,3.5,8.42,0,1,0.219911765,0.30312,0.883934641,0.842117647,0,0.533333333,0.48522712,0.20605602,1
317,107,2,3.5,3,8.28,0,1,0.228011765,0.19872,0.884006536,0.765088235,0,0.433333333,0.445403939,0.203642986,1
314,108,3,4.5,3.5,8.14,0,1,0.248247059,0.29304,0.879176471,0.834382353,0,0.533333333,0.488207529,0.204392365,1
316,109,4,4.5,3.5,8.76,1,1,0.185835294,0.7008,0.904581699,0.851352941,0,0.866666667,0.615099434,0.217527998,1
318,106,2,4,4,7.92,1,1,0.259247059,0.3168,0.87020915,0.831823529,0,0.866666667,0.521547538,0.213813406,1
299,97,3,5,3.5,7.66,0,0,0.326370588,0.27576,0.408957516,0.836352941,1,0.566666667,-0.301865063,0.187743345,0
298,98,2,4,3,8.03,0,0,0.296194118,0.19272,0.416022876,0.769867647,1,0.466666667,-0.260239277,0.191351253,0
301,97,2,3,3,7.88,1,0,0.302388235,0.3152,0.413604575,0.718323529,1,0.733333333,-0.311117298,0.184205241,0
303,99,3,2,2.5,7.66,0,0,0.317358824,0.27576,0.413696078,0.639294118,1,0.3,-0.263627503,0.184853721,0
304,100,4,1.5,2.5,7.84,0,0,0.299011765,0.37632,0.418575163,0.619529412,1,0.266666667,-0.2826042,0.182811821,0
306,100,2,3,3,8,0,0,0.28,0.192,0.844444444,0.725,1,0.4,0.361051852,0.198594817,1
331,120,3,4,4,8.96,1,1,0.127717647,0.5376,0.956509804,0.867382353,0,0.866666667,0.571211242,0.223453943,1
332,119,4,5,4.5,9.24,1,1,0.097741176,0.7392,0.964045752,0.950117647,0,0.966666667,0.633605926,0.235424998,1
323,113,3,4,4,8.88,1,1,0.1564,0.5328,0.926555556,0.8595,0,0.866666667,0.568961481,0.219645928,1
322,107,3,3.5,3.5,8.46,1,1,0.198788235,0.5076,0.894908497,0.798264706,0,0.8,0.554873638,0.209741245,1
312,105,2,2.5,3,8.12,0,1,0.254870588,0.19488,0.868215686,0.707411765,0,0.366666667,0.437383948,0.198404138,1
314,106,2,4,3.5,8.25,0,1,0.238088235,0.198,0.877287582,0.812132353,0,0.5,0.455204139,0.206167815,1
317,104,2,4.5,4,8.47,0,0,0.210297059,0.20328,0.882006536,0.869838235,1,0.566666667,0.380409351,0.205623752,1
326,112,3,3.5,3,9.05,1,1,0.132264706,0.543,0.932385621,0.790955882,0,0.766666667,0.553316558,0.214256251,1
316,110,3,4,4.5,8.78,1,1,0.183976471,0.5268,0.908026144,0.876852941,0,0.9,0.573828932,0.219474,1
329,111,4,4.5,4.5,9.18,1,1,0.1117,0.7344,0.936882353,0.921411765,0,0.933333333,0.623841569,0.23036506,1
338,117,4,3.5,4.5,9.46,1,1,0.059564706,0.7568,0.971705882,0.885029412,0,0.866666667,0.61695451,0.231902465,1
331,116,5,5,5,9.38,1,1,0.086829412,0.938,0.959398693,0.977882353,0,1,0.687358083,0.243730783,1
304,103,5,5,4,8.64,0,1,0.227482353,0.5184,0.436075163,0.889529412,0,0.6,-0.434351024,0.192216425,0
305,108,5,3,3,8.48,0,1,0.239294118,0.5088,0.881686275,0.736264706,0,0.4,0.525509281,0.196786894,1
321,109,4,4,4,8.68,1,1,0.180505882,0.6944,0.906816993,0.853029412,0,0.866666667,0.612701786,0.217922413,1
301,107,3,3.5,3.5,8.34,1,1,0.261664706,0.5004,0.435160131,0.779823529,0,0.8,-0.445645839,0.192078471,0
320,110,2,4,3.5,8.56,0,1,0.194352941,0.20544,0.904614379,0.824294118,0,0.5,0.453785481,0.210315844,1
311,105,3,3.5,3,8.45,1,0,0.227073529,0.507,0.878235294,0.764926471,1,0.766666667,0.472476471,0.183872581,1
310,106,4,4.5,4.5,9.04,1,1,0.175764706,0.7232,0.899699346,0.903941176,0,0.933333333,0.626625708,0.223565744,1
299,102,3,4,3.5,8.62,0,0,0.241947059,0.31032,0.431901961,0.810352941,1,0.5,-0.287273307,0.188900172,0
290,104,4,2,2.5,7.46,0,0,0.363705882,0.35808,0.410934641,0.624735294,1,0.3,-0.29603763,0.179560397,0
296,99,2,3,3.5,7.28,0,0,0.366211765,0.17472,0.403931373,0.724647059,1,0.433333333,-0.264601935,0.188597421,0
327,104,5,3,3.5,8.84,1,1,0.1498,0.884,0.904143791,0.786441176,0,0.766666667,0.641033638,0.219729642,1
335,117,5,5,5,9.56,1,1,0.058058824,0.956,0.972098039,0.985323529,0,1,0.688467712,0.247236614,1
334,119,5,4.5,4.5,9.48,1,1,0.068729412,0.948,0.974006536,0.932588235,0,0.933333333,0.680136645,0.241603847,1
310,106,4,1.5,2.5,8.36,0,0,0.237764706,0.40128,0.87703268,0.636941176,1,0.266666667,0.39657593,0.196234839,1
308,108,3,3.5,3.5,8.22,0,1,0.255364706,0.29592,0.875960784,0.781970588,0,0.466666667,0.480489778,0.200035624,1
301,106,4,2.5,3,8.47,0,0,0.250155882,0.40656,0.435937908,0.708073529,1,0.366666667,-0.29735356,0.182884665,0
300,100,3,2,3,8.66,1,1,0.235882353,0.5196,0.430281046,0.687088235,0,0.666666667,-0.424503965,0.179648982,0
323,113,3,4,3,9.32,1,1,0.1146,0.5592,0.941222222,0.8205,0,0.8,0.560312593,0.218504935,1
319,112,3,2.5,2,8.71,1,1,0.182797059,0.5226,0.914189542,0.677308824,0,0.633333333,0.536741133,0.201388133,1
326,112,3,3.5,3,9.1,1,1,0.127470588,0.546,0.934052288,0.792205882,0,0.766666667,0.553382571,0.214722163,1
333,118,5,5,5,9.35,1,1,0.08425,0.935,0.965915033,0.978602941,0,1,0.687665577,0.244087632,1
339,114,5,4,4.5,9.76,1,1,0.026870588,0.976,0.974352941,0.918264706,0,0.9,0.672720784,0.244182172,1
303,105,5,5,4.5,8.65,0,1,0.229132353,0.519,0.438529412,0.914044118,0,0.633333333,-0.440233333,0.195334887,0
309,105,5,3.5,3.5,8.56,0,1,0.222047059,0.5136,0.879941176,0.791205882,0,0.466666667,0.531453333,0.199953713,1
323,112,5,4,4.5,8.78,0,1,0.1659,0.5268,0.920444444,0.882,0,0.566666667,0.546065185,0.211351842,1
333,113,5,4,4,9.28,1,1,0.091105882,0.928,0.94969281,0.876852941,0,0.866666667,0.664494553,0.23379451,1
314,109,4,3.5,4,8.77,1,1,0.190064706,0.7016,0.902954248,0.825132353,0,0.833333333,0.611242309,0.214761858,1
312,103,3,5,4,8.45,0,1,0.224588235,0.3042,0.873660131,0.890661765,0,0.6,0.493239172,0.209368295,1
316,100,2,1.5,3,8.16,1,1,0.2416,0.3264,0.859581699,0.661352941,0,0.633333333,0.484263355,0.195545476,1
326,116,2,4.5,3,9.08,1,1,0.129388235,0.3632,0.944496732,0.841705882,0,0.833333333,0.517225795,0.222186828,1
318,109,1,3.5,3.5,9.12,0,1,0.147011765,0.10944,0.918542484,0.811823529,0,0.466666667,0.415611015,0.216257704,1
329,110,2,4,3,9.15,1,1,0.114602941,0.366,0.933104575,0.820661765,0,0.8,0.506641612,0.21975176,1
332,118,2,4.5,3.5,9.36,1,1,0.086023529,0.3744,0.965267974,0.878117647,0,0.866666667,0.519767146,0.229118543,1
331,115,5,4,3.5,9.44,1,1,0.080988235,0.944,0.958620915,0.854382353,0,0.833333333,0.663979695,0.233803035,1
340,120,4,4.5,4,9.92,1,1,0.008,0.7936,0.997333333,0.923,0,0.9,0.625555556,0.240716794,1
325,112,2,3,3.5,8.96,1,1,0.143529412,0.3584,0.928405229,0.787970588,0,0.766666667,0.505793551,0.214994615,1
320,113,2,2,2.5,8.64,1,1,0.186823529,0.3456,0.915614379,0.676294118,0,0.633333333,0.490913638,0.202503805,1
315,105,3,2,2.5,8.48,0,1,0.214352941,0.30528,0.883156863,0.668617647,0,0.3,0.451566693,0.196644379,1
326,114,3,3,3,9.11,1,1,0.126511765,0.5466,0.939941176,0.767455882,0,0.733333333,0.550210588,0.21297144,1
339,116,4,4,3.5,9.8,1,1,0.022882353,0.784,0.98124183,0.869264706,0,0.833333333,0.613040959,0.233977714,1
311,106,2,3.5,3,8.26,1,1,0.244452941,0.3304,0.874679739,0.760176471,0,0.766666667,0.508689499,0.20591005,1
334,114,4,4,4,9.43,1,1,0.073641176,0.7544,0.95845098,0.881338235,0,0.866666667,0.616238301,0.230002658,1
332,116,5,5,5,9.28,1,1,0.093835294,0.928,0.957045752,0.976117647,0,1,0.685791024,0.24272743,1
321,112,5,5,5,9.06,1,1,0.144629412,0.906,0.927816993,0.962529412,0,1,0.684588061,0.236854759,1
324,105,3,3,4,8.75,0,1,0.166176471,0.315,0.900980392,0.806985294,0,0.466666667,0.47046732,0.206662966,1
326,108,3,3,3.5,8.89,0,1,0.147605882,0.32004,0.915941176,0.786955882,0,0.433333333,0.466579686,0.207348876,1
312,109,3,3,3,8.69,0,1,0.202564706,0.31284,0.898326797,0.746661765,0,0.4,0.468728009,0.201362171,1
315,105,3,2,2.5,8.34,0,1,0.227323529,0.30024,0.878490196,0.665117647,0,0.3,0.452157072,0.195706201,1
309,104,2,2,2.5,8.26,0,1,0.249311765,0.19824,0.867163399,0.658705882,0,0.3,0.427287181,0.196366243,1
306,106,2,2,2.5,8.14,0,1,0.2674,0.19536,0.865777778,0.6535,0,0.3,0.430556741,0.195657417,1
297,100,1,1.5,2,7.9,0,0,0.309911765,0.0948,0.416143791,0.590882353,1,0.233333333,-0.20483207,0.196348812,0
315,103,1,1.5,2,7.86,0,0,0.271794118,0.09432,0.856934641,0.603117647,1,0.233333333,0.313062414,0.210244253,1
298,99,1,1.5,3,7.46,0,0,0.346152941,0.08952,0.407911765,0.630617647,1,0.3,-0.219405333,0.194793025,0
318,109,3,3,3,8.5,0,1,0.205,0.306,0.897875817,0.746323529,0,0.4,0.4674061,0.201350891,1
317,105,3,3.5,3,8.56,0,1,0.201905882,0.30816,0.887784314,0.772088235,0,0.433333333,0.469193778,0.20202502,1
329,111,4,4.5,4,9.01,1,1,0.12815,0.7208,0.931215686,0.892161765,0,0.9,0.618083791,0.226012125,1
322,110,5,4.5,4,8.97,0,1,0.150488235,0.5382,0.92024183,0.886014706,0,0.566666667,0.545262527,0.212493203,1
302,102,3,3.5,5,8.33,0,1,0.2601,0.29988,0.428539216,0.855308824,0,0.566666667,-0.377363163,0.187513251,0
313,102,3,2,3,8.27,0,1,0.238673529,0.29772,0.865862745,0.686897059,0,0.333333333,0.455553438,0.194885937,1
311,99,2,2.5,3,7.98,0,1,0.270064706,0.19152,0.845901961,0.703176471,0,0.366666667,0.434250562,0.196010975,1
312,101,2,2.5,3.5,8.04,1,1,0.262211765,0.3216,0.854437908,0.730411765,0,0.733333333,0.500632854,0.201285369,1
334,117,5,4,4.5,9.07,1,1,0.109005882,0.907,0.954784314,0.897338235,0,0.9,0.669331111,0.233821184,1
322,110,4,4,5,9.13,1,1,0.135335294,0.7304,0.925575163,0.915014706,0,0.933333333,0.625550632,0.227914025,1
323,113,4,4,4.5,9.23,1,1,0.12315,0.7384,0.938222222,0.89325,0,0.9,0.623399259,0.227061401,1
321,111,4,4,4,8.97,1,1,0.153126471,0.7176,0.922039216,0.860279412,0,0.866666667,0.616226536,0.221121045,1
320,111,4,4.5,3.5,8.87,1,1,0.165176471,0.7096,0.91772549,0.857044118,0,0.866666667,0.615897386,0.219853352,1
329,119,4,4.5,4.5,9.16,1,1,0.113635294,0.7328,0.958437908,0.920911765,0,0.933333333,0.629639129,0.231191422,1
319,110,3,3.5,3.5,9.04,0,1,0.151835294,0.32544,0.919633987,0.810558824,0,0.466666667,0.474687181,0.208800567,1
309,108,3,2.5,3,8.12,0,1,0.262035294,0.29232,0.873607843,0.705205882,0,0.366666667,0.466539974,0.195580412,1
307,102,3,3,3,8.27,0,1,0.253267647,0.29772,0.859980392,0.732485294,0,0.4,0.466856967,0.195877128,1
300,104,3,3.5,3,8.16,0,1,0.28,0.29376,0.427503268,0.749588235,0,0.433333333,-0.361637264,0.173729688,0
305,107,2,2.5,2.5,8.42,0,1,0.244676471,0.20208,0.876908497,0.684764706,0,0.333333333,0.434425168,0.198197618,1
314,110,3,4,4,8.8,0,1,0.187294118,0.3168,0.906732026,0.850882353,0,0.533333333,0.48695756,0.209325728,1
316,106,2,2.5,4,8.32,0,1,0.226729412,0.19968,0.881581699,0.765352941,0,0.433333333,0.444692532,0.203469033,1
327,113,4,4.5,4.5,9.11,1,1,0.123832353,0.7288,0.938143791,0.918191176,0,0.933333333,0.625662266,0.229364008,1
317,107,3,3.5,3,8.68,1,1,0.190717647,0.5208,0.897339869,0.775088235,0,0.766666667,0.552369063,0.207914228,1
335,118,5,4.5,3.5,9.44,1,1,0.069882353,0.944,0.970875817,0.882323529,0,0.866666667,0.669188061,0.237132874,1
331,115,5,4.5,3.5,9.36,1,1,0.088776471,0.936,0.955954248,0.877382353,0,0.866666667,0.66771878,0.234593121,1
324,112,5,5,5,9.08,1,1,0.134729412,0.908,0.931424837,0.965235294,0,1,0.683659956,0.237829182,1
324,111,5,4.5,4,9.16,1,1,0.127105882,0.916,0.931313725,0.892235294,0,0.9,0.669890719,0.231728775,1
323,110,5,4,5,8.98,1,1,0.1469,0.898,0.921555556,0.912,0,0.933333333,0.672014815,0.23134937,1
322,114,5,4.5,4,8.94,1,1,0.153329412,0.894,0.930352941,0.885264706,0,0.9,0.670203137,0.228827862,1
336,118,5,4.5,5,9.53,1,1,0.058211765,0.953,0.974856209,0.960308824,0,0.966666667,0.683776166,0.244909308,1
316,109,3,3.5,3,8.76,0,1,0.185835294,0.31536,0.904581699,0.776352941,0,0.433333333,0.471648767,0.204152153,1
307,107,2,3,3.5,8.52,1,1,0.230694118,0.3408,0.882202614,0.763735294,0,0.766666667,0.510084619,0.206875345,1
306,105,2,3,2.5,8.26,0,1,0.2566,0.19824,0.867,0.7065,0,0.366666667,0.438344,0.198078334,1
310,106,2,3.5,2.5,8.33,0,1,0.2405,0.19992,0.87603268,0.736191176,0,0.4,0.441949342,0.200814461,1
311,104,3,4.5,4.5,8.43,0,1,0.228902941,0.30348,0.87479085,0.889426471,0,0.6,0.494400462,0.209197772,1
313,107,3,4,4.5,8.69,0,1,0.200008824,0.31284,0.893751634,0.872397059,0,0.566666667,0.490218553,0.209753926,1
317,103,3,2.5,3,8.54,1,1,0.203770588,0.5124,0.881562092,0.721588235,0,0.7,0.539789107,0.201516594,1
315,110,2,3.5,3,8.46,1,1,0.216205882,0.3384,0.896379085,0.768117647,0,0.766666667,0.50971207,0.208725436,1
340,120,5,4.5,4.5,9.91,1,1,0.009,0.991,0.997,0.94775,0,0.933333333,0.68302,0.249333948,1
334,120,5,4,5,9.87,1,1,0.030417647,0.987,0.989784314,0.942338235,0,0.933333333,0.685307582,0.247036437,1
295,99,2,2.5,3,7.65,0,0,0.33625,0.1836,0.409607843,0.683161765,1,0.366666667,-0.251841699,0.188624312,0
315,99,2,3.5,3,7.89,0,1,0.269014706,0.18936,0.846823529,0.753867647,0,0.433333333,0.443028941,0.199144269,1
310,102,3,3.5,4,8.02,1,1,0.268764706,0.4812,0.854588235,0.803441176,0,0.833333333,0.558822745,0.205899336,1
305,106,2,3,3,8.16,0,1,0.268,0.19584,0.865464052,0.728264706,0,0.4,0.444742257,0.198860579,1
301,104,3,3.5,4,8.12,1,1,0.281141176,0.4872,0.427326797,0.799323529,0,0.833333333,-0.449457342,0.194786522,0
325,108,4,4.5,4,9.06,1,1,0.133970588,0.7248,0.920627451,0.890470588,0,0.9,0.617743791,0.225124261,1
328,110,4,5,4,9.14,1,1,0.118258824,0.7312,0.93179085,0.919676471,0,0.933333333,0.623240697,0.229555667,1
338,120,4,5,5,9.66,1,1,0.039682353,0.7728,0.986705882,0.990029412,0,1,0.638985882,0.244468791,1
333,119,5,5,4.5,9.78,1,1,0.042135294,0.978,0.983026144,0.964352941,0,0.966666667,0.688657952,0.247543327,1
331,117,4,4.5,5,9.42,1,1,0.082935294,0.7536,0.963509804,0.953882353,0,0.966666667,0.633655948,0.236843519,1
330,116,5,5,4.5,9.36,1,1,0.091529412,0.936,0.957751634,0.951647059,0,0.966666667,0.682873377,0.240850753,1
322,112,4,4.5,4.5,9.26,1,1,0.123023529,0.7408,0.935464052,0.918264706,0,0.933333333,0.627937865,0.229511032,1
321,109,4,4,4,9.13,1,1,0.138020588,0.7304,0.921816993,0.864279412,0,0.866666667,0.615872375,0.222517201,1
324,110,4,3,3.5,8.97,1,1,0.145211765,0.7176,0.922202614,0.787485294,0,0.766666667,0.600335991,0.215105125,1
312,104,3,3.5,3.5,8.42,0,1,0.227341176,0.30312,0.875437908,0.789911765,0,0.466666667,0.475432697,0.201312201,1
313,103,3,4,4,8.75,0,1,0.194485294,0.315,0.884640523,0.848897059,0,0.533333333,0.482345316,0.207332667,1
316,110,3,3.5,4,8.56,0,1,0.204423529,0.30816,0.90069281,0.821352941,0,0.5,0.482581926,0.20617233,1
324,113,4,4.5,4,8.79,0,1,0.162364706,0.42192,0.924535948,0.882985294,0,0.566666667,0.518324331,0.212342659,1
308,109,2,3,4,8.45,0,1,0.234529412,0.2028,0.886405229,0.787720588,0,0.466666667,0.453346885,0.204986473,1
305,105,2,3,2,8.23,0,1,0.261720588,0.19752,0.865019608,0.680014706,0,0.333333333,0.434203895,0.196613646,1
306,110,2,3.5,4,8.45,0,1,0.2395,0.2028,0.887222222,0.81125,0,0.5,0.459439259,0.206615988,1
312,110,2,3.5,3,8.53,0,1,0.217247059,0.20472,0.895771242,0.767661765,0,0.433333333,0.447476488,0.204893551,1
318,112,3,4,3.5,8.67,0,1,0.1891,0.31212,0.911875817,0.825573529,0,0.5,0.482871434,0.207851167,1
324,111,4,3,3,9.01,1,1,0.1414,0.7208,0.926313725,0.763485294,0,0.733333333,0.596682484,0.213793749,1
313,104,3,4,4.5,8.65,0,1,0.203691176,0.3114,0.884084967,0.871397059,0,0.566666667,0.488158736,0.208900844,1
319,106,3,3.5,2.5,8.33,1,1,0.21845,0.4998,0.884856209,0.742808824,0,0.733333333,0.545586362,0.203030552,1
312,107,2,2.5,3.5,8.27,0,1,0.241105882,0.19848,0.878771242,0.736161765,0,0.4,0.442454841,0.201077199,1
304,100,2,2.5,3.5,8.07,0,1,0.278447059,0.19368,0.422408497,0.725279412,0,0.4,-0.328565168,0.173431003,0
330,113,5,5,4,9.31,1,1,0.096382353,0.931,0.947751634,0.925397059,0,0.933333333,0.675400828,0.237608261,1
326,111,5,4.5,4,9.23,1,1,0.115005882,0.923,0.935607843,0.895455882,0,0.9,0.669933464,0.233134511,1
325,112,4,4,4.5,9.17,1,1,0.123455882,0.7336,0.935405229,0.893220588,0,0.9,0.621447277,0.226810541,1
329,114,5,4.5,5,9.19,1,1,0.110732353,0.919,0.94554902,0.946661765,0,0.966666667,0.679807974,0.238214019,1
310,104,3,2,3.5,8.37,0,1,0.236852941,0.30132,0.871810458,0.712191176,0,0.366666667,0.4623042,0.196394701,1
299,100,1,1.5,2,7.89,0,0,0.306144118,0.09468,0.416957516,0.592102941,1,0.233333333,-0.204110004,0.196480573,0
296,101,1,2.5,3,7.68,0,0,0.331388235,0.09216,0.413375817,0.684647059,0,0.366666667,-0.307284845,0.173256157,0
317,103,2,2.5,2,8.15,0,1,0.240132353,0.1956,0.868562092,0.661838235,0,0.3,0.424758911,0.196975665,1
324,115,3,3.5,3,8.76,1,1,0.165223529,0.5256,0.929091503,0.782235294,0,0.766666667,0.555889499,0.211676439,1
325,114,3,3.5,3,9.04,1,1,0.135882353,0.5424,0.936627451,0.789970588,0,0.766666667,0.555173595,0.214261196,1
314,107,2,2.5,4,8.56,0,1,0.209458824,0.20544,0.890398693,0.769882353,0,0.433333333,0.444336593,0.204838043,1
328,110,4,4,2.5,9.02,1,1,0.129835294,0.7216,0.92779085,0.791676471,0,0.766666667,0.599127756,0.216678604,1
316,105,3,3,3.5,8.73,0,1,0.188623529,0.31428,0.892470588,0.775602941,0,0.433333333,0.468814667,0.20303476,1
311,104,2,2.5,3.5,8.48,0,1,0.224329412,0.20352,0.876457516,0.740676471,0,0.4,0.439069298,0.201486902,1
324,110,3,3.5,4,8.87,1,1,0.154741176,0.5322,0.918869281,0.834985294,0,0.833333333,0.561681612,0.216691421,1
321,111,3,3.5,4,8.83,1,1,0.166344118,0.5298,0.917372549,0.831779412,0,0.833333333,0.563480131,0.215775419,1
320,104,3,3,2.5,8.57,1,1,0.193411765,0.5142,0.888281046,0.724544118,0,0.7,0.539534946,0.202643027,1
316,99,2,2.5,3,9,0,1,0.163529412,0.216,0.884803922,0.732352941,0,0.366666667,0.425077124,0.203589521,1
318,100,2,2.5,3.5,8.54,1,1,0.201258824,0.3416,0.87420915,0.747323529,0,0.733333333,0.496337342,0.205490797,1
335,115,4,4.5,4.5,9.68,1,1,0.046235294,0.7744,0.970542484,0.938323529,0,0.933333333,0.627379956,0.238083996,1
321,114,4,4,5,9.12,0,1,0.138964706,0.43776,0.935372549,0.914029412,0,0.6,0.524348288,0.216582034,1
307,110,4,4,4.5,8.37,0,1,0.244238235,0.40176,0.885535948,0.859985294,0,0.566666667,0.522541272,0.204565868,1
309,99,3,4,4,8.56,0,1,0.222047059,0.30816,0.86327451,0.841205882,0,0.533333333,0.481558222,0.204319995,1
324,100,3,4,5,8.64,1,1,0.176658824,0.5184,0.883424837,0.904235294,0,0.933333333,0.567934466,0.221804191,1
326,102,4,5,5,8.76,1,1,0.160070588,0.7008,0.894941176,0.958705882,0,1,0.624912941,0.229881155,1
331,119,4,5,4.5,9.34,1,1,0.090723529,0.7472,0.966398693,0.951882353,0,0.966666667,0.634636514,0.236229586,1
327,108,5,5,3.5,9.13,1,1,0.121908824,0.913,0.924921569,0.893691176,0,0.9,0.666116732,0.231757087,1
312,104,3,3.5,4,8.09,0,1,0.257623529,0.29124,0.864437908,0.806661765,0,0.5,0.481413325,0.200945735,1
308,103,2,2.5,4,8.36,1,1,0.242682353,0.3344,0.866738562,0.760470588,0,0.766666667,0.507189891,0.205380599,1
324,111,3,2.5,1.5,8.79,1,1,0.162364706,0.5274,0.918980392,0.657985294,0,0.6,0.529637516,0.201495116,1
325,110,2,3,2.5,8.76,1,1,0.162647059,0.3504,0.916183007,0.732970588,0,0.7,0.495765664,0.20820863,1
313,102,3,2.5,2.5,8.68,0,1,0.200929412,0.31248,0.879529412,0.697147059,0,0.333333333,0.453888784,0.197662484,1
312,105,2,2,2.5,8.45,0,1,0.224588235,0.2028,0.879215686,0.665661765,0,0.3,0.425680654,0.198330613,1
314,107,3,3,3.5,8.17,1,1,0.245476471,0.4902,0.877398693,0.760132353,0,0.766666667,0.552297298,0.203299998,1
327,113,4,4.5,5,9.14,0,1,0.120947059,0.43872,0.939143791,0.943941176,0,0.633333333,0.525864854,0.220313118,1
308,108,4,4.5,5,8.34,0,1,0.244494118,0.40032,0.879960784,0.909970588,0,0.633333333,0.530070954,0.208554474,1
306,105,2,2.5,3,8.22,1,1,0.2602,0.3288,0.865666667,0.7055,0,0.7,0.500351111,0.19945323,1
299,96,2,1.5,2,7.86,0,0,0.308782353,0.18864,0.410901961,0.591352941,1,0.233333333,-0.228194719,0.190897882,0
294,95,1,1.5,1.5,7.64,0,0,0.339364706,0.09168,0.403395425,0.557176471,1,0.2,-0.203091486,0.196498799,0
312,99,1,1,1.5,8.01,1,0,0.264964706,0.1602,0.847882353,0.554661765,1,0.5,0.343852157,0.19737917,1
315,100,1,2,2.5,7.95,0,0,0.263455882,0.0954,0.851601307,0.655367647,1,0.3,0.319217996,0.208402075,1
322,110,3,3.5,3,8.96,1,1,0.151435294,0.5376,0.919908497,0.785764706,0,0.766666667,0.553246187,0.21206247,1
329,113,5,5,4.5,9.45,1,1,0.085573529,0.945,0.951437908,0.953161765,0,0.966666667,0.682122658,0.241423915,1
320,101,2,2.5,3,8.62,0,1,0.188705882,0.20688,0.881614379,0.725794118,0,0.366666667,0.427983599,0.2022637,1
308,103,2,3,3.5,8.49,0,1,0.230905882,0.20376,0.871071895,0.763720588,0,0.433333333,0.443961054,0.202233947,1
304,102,2,3,4,8.73,0,1,0.219435294,0.20952,0.436186275,0.791779412,0,0.466666667,-0.331380105,0.182201892,0
311,102,3,4.5,4,8.64,1,1,0.209694118,0.5184,0.876235294,0.869676471,0,0.9,0.569395294,0.216152031,1
317,110,3,4,4.5,9.11,1,1,0.150626471,0.5466,0.920006536,0.885838235,0,0.9,0.574129194,0.222408259,1
312,106,3,4,3.5,8.79,1,1,0.193388235,0.5274,0.893326797,0.824161765,0,0.833333333,0.563030283,0.212519128,1
321,111,3,2.5,3,8.9,1,1,0.159735294,0.534,0.919705882,0.733529412,0,0.7,0.544933333,0.20710104,1
340,112,4,5,4.5,9.66,1,1,0.034,0.7728,0.966444444,0.9665,0,0.966666667,0.627518519,0.241438266,1
331,116,5,4,4,9.26,1,1,0.098511765,0.926,0.955398693,0.874882353,0,0.866666667,0.667300044,0.233376057,1
336,118,5,4.5,4,9.19,1,1,0.091811765,0.919,0.963522876,0.901808824,0,0.9,0.670633943,0.236034876,1
324,114,5,5,4.5,9.08,1,1,0.134729412,0.908,0.936980392,0.940235294,0,0.966666667,0.680474771,0.235592696,1
314,104,4,5,5,9.02,0,1,0.166976471,0.43296,0.897398693,0.956382353,0,0.666666667,0.529133298,0.216728299,1
313,109,3,4,3.5,9,0,1,0.171470588,0.324,0.909640523,0.830147059,0,0.5,0.481108061,0.208501224,1
307,105,2,2.5,3,7.65,0,0,0.30925,0.1836,0.847647059,0.691985294,1,0.366666667,0.362158039,0.198172524,1
300,102,2,1.5,2,7.87,0,0,0.305588235,0.18888,0.419892157,0.592338235,1,0.233333333,-0.229883163,0.190933402,0
302,99,2,1,2,7.97,0,0,0.292076471,0.19128,0.418372549,0.571308824,1,0.2,-0.222165778,0.192219712,0
312,98,1,3.5,3,8.18,1,1,0.249364706,0.1636,0.850771242,0.758911765,0,0.766666667,0.459042527,0.210615969,1
316,101,2,2.5,2,8.32,1,1,0.226729412,0.3328,0.86769281,0.665352941,0,0.633333333,0.484487495,0.196786993,1
317,100,2,3,2.5,8.57,0,1,0.200973529,0.20568,0.874228758,0.722338235,0,0.366666667,0.428689002,0.20103603,1
310,107,3,3.5,3.5,8.67,0,1,0.2095,0.31212,0.890143791,0.794691176,0,0.466666667,0.477378972,0.203232008,1
320,120,3,4,4.5,9.11,0,1,0.142588235,0.32796,0.95072549,0.888044118,0,0.566666667,0.49538319,0.2171886,1
330,114,3,4.5,4.5,9.24,1,1,0.103176471,0.5544,0.948196078,0.923647059,0,0.933333333,0.576764444,0.230275501,1
305,112,3,3,3.5,8.65,0,1,0.224044118,0.3114,0.898464052,0.765514706,0,0.433333333,0.478283355,0.201554295,1
309,106,2,2.5,2.5,8,0,1,0.272941176,0.192,0.864052288,0.677205882,0,0.333333333,0.435241394,0.196321085,1
319,108,2,2.5,3,8.76,0,1,0.178105882,0.21024,0.904745098,0.728558824,0,0.366666667,0.432442301,0.204704103,1
322,105,2,3,3,8.45,1,1,0.199735294,0.338,0.889019608,0.748014706,0,0.733333333,0.498975817,0.20668258,1
323,107,3,3.5,3.5,8.55,1,1,0.18775,0.513,0.898888889,0.80125,0,0.8,0.55467037,0.210700156,1
313,106,2,2.5,2,8.43,0,1,0.223944118,0.20232,0.88230719,0.665897059,0,0.3,0.426224113,0.198660159,1
321,109,3,3.5,3.5,8.8,1,1,0.169176471,0.528,0.910816993,0.806029412,0,0.8,0.55728061,0.212651379,1
323,110,3,4,3.5,9.1,1,1,0.1355,0.546,0.925555556,0.84,0,0.833333333,0.562414815,0.218466342,1
325,112,4,4,4,9,1,1,0.139705882,0.72,0.929738562,0.863970588,0,0.866666667,0.615636166,0.222576732,1
312,108,3,3.5,3,8.53,0,1,0.217247059,0.30708,0.890215686,0.767661765,0,0.433333333,0.473291007,0.201370502,1
308,110,4,3.5,3,8.6,0,1,0.220941176,0.4128,0.894183007,0.766470588,0,0.433333333,0.503430763,0.19985572,1
320,104,3,3,3.5,8.74,1,1,0.177411765,0.5244,0.893947712,0.778794118,0,0.766666667,0.549172723,0.20861216,1
328,108,4,4.5,4,9.18,1,1,0.1144,0.7344,0.927568627,0.895676471,0,0.9,0.617352418,0.227170722,1
311,107,4,4.5,4.5,9,1,1,0.176764706,0.72,0.902124183,0.903676471,0,0.933333333,0.626664488,0.223541942,1
301,100,3,3.5,3,8.04,0,1,0.288223529,0.28944,0.420437908,0.747323529,0,0.433333333,-0.360612932,0.173327999,0
305,105,2,3,4,8.13,0,1,0.270691176,0.19512,0.861686275,0.777514706,0,0.466666667,0.45353383,0.201637621,1
308,104,2,2.5,3,8.07,0,1,0.268952941,0.19368,0.859849673,0.703220588,0,0.366666667,0.438253011,0.197141383,1
298,101,2,1.5,2,7.86,0,0,0.311094118,0.18864,0.417356209,0.590617647,1,0.233333333,-0.230473499,0.190757467,0
300,99,1,1,2.5,8.01,0,0,0.293235294,0.09612,0.418058824,0.595838235,1,0.233333333,-0.201644157,0.196827943,0
324,111,3,2.5,2,8.8,1,1,0.161411765,0.528,0.919313725,0.683235294,0,0.633333333,0.534318954,0.203199371,1
327,113,4,3.5,3,8.69,1,1,0.164226471,0.6952,0.924143791,0.782691176,0,0.766666667,0.599567364,0.213310818,1
317,106,3,4,3.5,8.5,1,1,0.2075,0.51,0.888562092,0.820588235,0,0.833333333,0.56059695,0.211385231,1
323,104,3,4,4,8.44,1,1,0.1982,0.5064,0.886888889,0.8485,0,0.866666667,0.56161037,0.214710756,1
314,107,2,2.5,4,8.27,0,1,0.236241176,0.19848,0.880732026,0.762632353,0,0.433333333,0.446464776,0.202972556,1
305,102,2,2,2.5,8.18,0,1,0.266205882,0.19632,0.855019608,0.653764706,0,0.3,0.427646641,0.194684639,1
315,104,3,3,2.5,8.33,0,1,0.22825,0.29988,0.875379085,0.714867647,0,0.366666667,0.460791834,0.197169875,1
326,116,3,3.5,4,9.14,1,1,0.123635294,0.5484,0.946496732,0.843205882,0,0.833333333,0.565731678,0.220579289,1
324,112,4,4,3.5,8.77,1,1,0.164270588,0.7016,0.921091503,0.832485294,0,0.833333333,0.609788715,0.217588063,1
297,96,2,2.5,1.5,7.89,0,0,0.310785294,0.18936,0.410421569,0.615632353,1,0.266666667,-0.233401752,0.19009877,0
327,113,3,3.5,3,8.66,1,1,0.167111765,0.5196,0.923143791,0.781941176,0,0.766666667,0.553183442,0.211175502,1
311,105,2,3,2,8.12,1,1,0.257258824,0.3248,0.867235294,0.681676471,0,0.666666667,0.494345882,0.197528988,1
308,106,3,3.5,2.5,8.21,1,1,0.256270588,0.4926,0.870071895,0.731720588,0,0.733333333,0.548922309,0.199803554,1
319,108,3,3,3.5,8.54,1,1,0.198747059,0.5124,0.897411765,0.773058824,0,0.766666667,0.552127059,0.207402575,1
312,107,4,4.5,4,8.65,1,1,0.206235294,0.692,0.891437908,0.870661765,0,0.9,0.618899129,0.217839012,1
325,111,4,4,4.5,9.11,1,1,0.129191176,0.7288,0.930627451,0.891720588,0,0.9,0.620302614,0.226042948,1
319,110,3,3,2.5,8.79,0,1,0.175291176,0.31644,0.911300654,0.729308824,0,0.366666667,0.461819861,0.202775846,1
332,118,5,5,5,9.47,1,1,0.075282353,0.947,0.968934641,0.980867647,0,1,0.68946061,0.245358346,1
323,108,5,4,4,8.74,1,1,0.1697,0.874,0.908,0.856,0,0.866666667,0.658266667,0.22375307,1
324,107,5,3.5,4,8.66,1,1,0.174752941,0.866,0.903535948,0.829735294,0,0.833333333,0.651522527,0.220817629,1
312,107,3,3,3,8.46,1,1,0.223670588,0.5076,0.885104575,0.740911765,0,0.733333333,0.548972985,0.202689039,1
326,110,3,3.5,3.5,8.76,1,1,0.160070588,0.5256,0.917163399,0.808705882,0,0.8,0.556118867,0.213689614,1
308,106,3,3,3,8.24,0,0,0.253552941,0.29664,0.871071895,0.732470588,1,0.4,0.389601603,0.195126452,1
305,103,2,2.5,3.5,8.13,0,0,0.270691176,0.19512,0.856130719,0.727514706,1,0.4,0.362719015,0.199540148,1
295,96,2,1.5,2,7.34,0,0,0.363147059,0.17616,0.40027451,0.575411765,1,0.233333333,-0.235254693,0.189978769,0
316,98,1,1.5,2,7.43,0,0,0.309447059,0.08916,0.82969281,0.593102941,1,0.233333333,0.313661534,0.207588985,1
304,97,2,1.5,2,7.64,0,0,0.316894118,0.18336,0.411075163,0.589529412,1,0.233333333,-0.228850161,0.190900224,0
299,94,1,1,1,7.34,0,0,0.354511765,0.08808,0.399457516,0.503352941,0,0.133333333,-0.275481377,0.159955254,0
302,99,1,2,2,7.25,0,0,0.356029412,0.087,0.406372549,0.603308824,1,0.266666667,-0.216105229,0.19506308,0
313,101,3,2.5,3,8.04,0,1,0.259847059,0.28944,0.855418301,0.706147059,0,0.366666667,0.460413194,0.194212208,1
318,107,3,3,3.5,8.27,1,1,0.226511765,0.4962,0.884653595,0.765573529,0,0.766666667,0.551209978,0.204885146,1
325,110,4,3.5,4,8.67,1,1,0.17125,0.6936,0.913183007,0.830720588,0,0.833333333,0.607266449,0.216513717,1
303,100,2,3,3.5,8.06,1,1,0.281711765,0.3224,0.421751634,0.749294118,0,0.766666667,-0.394840436,0.188343299,0
300,102,3,3.5,2.5,8.17,0,1,0.279117647,0.29412,0.424892157,0.724838235,0,0.4,-0.356155007,0.170887848,0
297,98,2,2.5,3,7.67,0,0,0.330002941,0.18408,0.40953268,0.685132353,1,0.366666667,-0.25044142,0.188876974,0
317,106,2,2,3.5,8.12,0,1,0.242929412,0.19488,0.875895425,0.711088235,0,0.366666667,0.436541682,0.199597893,1
327,109,3,3.5,4,8.77,1,1,0.156532353,0.5262,0.915699346,0.834691176,0,0.833333333,0.559690414,0.216402981,1
301,104,2,3.5,3.5,7.89,1,1,0.301502941,0.3156,0.423493464,0.768573529,0,0.8,-0.402978257,0.191579285,0
314,105,2,2.5,2,7.64,0,1,0.294423529,0.18336,0.854176471,0.646882353,0,0.3,0.430939922,0.194188526,1
321,107,2,2,1.5,8.44,0,1,0.203164706,0.20256,0.893261438,0.622029412,0,0.233333333,0.414825325,0.19932229,1
322,110,3,4,5,8.64,1,1,0.181741176,0.5184,0.90924183,0.902764706,0,0.933333333,0.576056645,0.222672325,1
334,116,4,4,3.5,9.54,1,1,0.062835294,0.7632,0.967673203,0.859088235,0,0.833333333,0.613715991,0.229367419,1
338,115,5,4.5,5,9.23,1,1,0.082429412,0.923,0.95848366,0.954279412,0,0.966666667,0.677385839,0.241169243,1
306,103,2,2.5,3,8.36,0,1,0.2476,0.20064,0.864777778,0.709,0,0.366666667,0.436191407,0.198183847,1
313,102,3,3.5,4,8.9,1,1,0.180676471,0.534,0.886862745,0.827647059,0,0.833333333,0.559955556,0.213029865,1
330,114,4,4.5,3,9.17,1,1,0.109970588,0.7336,0.945862745,0.846897059,0,0.833333333,0.611600654,0.22370555,1
320,104,3,3.5,4.5,8.34,1,1,0.215058824,0.5004,0.880614379,0.843794118,0,0.866666667,0.562456383,0.213290206,1
311,98,1,1,2.5,7.46,0,0,0.317629412,0.08952,0.82579085,0.590176471,1,0.233333333,0.314664854,0.20704615,1
298,92,1,2,2,7.88,0,0,0.309341176,0.09456,0.405189542,0.616117647,1,0.266666667,-0.20638027,0.195983654,0
301,98,1,2,3,8.03,1,1,0.289108824,0.1606,0.417493464,0.672073529,0,0.666666667,-0.338353159,0.181473501,0
310,103,2,2.5,2.5,8.24,0,1,0.248705882,0.19776,0.864699346,0.683941176,0,0.333333333,0.431026022,0.197113848,1
324,110,3,3.5,3,9.22,1,1,0.121388235,0.5532,0.930535948,0.793735294,0,0.766666667,0.552865272,0.214971912,1
336,119,4,4.5,4,9.62,1,1,0.049317647,0.7696,0.980633987,0.912558824,0,0.9,0.624885142,0.235802019,1
321,109,3,3,3,8.54,1,1,0.193723529,0.5124,0.902150327,0.749529412,0,0.733333333,0.547502048,0.205726826,1
315,105,2,2,2.5,7.65,0,0,0.29125,0.1836,0.855490196,0.647867647,1,0.3,0.350586797,0.201204875,1
304,101,2,2,2.5,7.66,0,0,0.315105882,0.18384,0.416964052,0.640029412,1,0.3,-0.239445002,0.189718286,0
297,96,2,2.5,2,7.43,0,0,0.350967647,0.17832,0.402754902,0.629132353,1,0.3,-0.242875268,0.188853535,0
290,100,1,1.5,2,7.56,0,0,0.355176471,0.09072,0.407045752,0.577235294,1,0.233333333,-0.212296749,0.195372642,0
303,98,1,2,2.5,7.65,0,0,0.31825,0.0918,0.412140523,0.639044118,1,0.3,-0.214374336,0.195550012,0
311,99,1,2.5,3,8.43,1,1,0.228902941,0.1686,0.860901961,0.714426471,0,0.7,0.448728758,0.206633744,1
322,104,3,3.5,4,8.84,1,1,0.1628,0.5304,0.89924183,0.832764706,0,0.833333333,0.557938998,0.215000219,1
319,105,3,3,3.5,8.67,1,1,0.18655,0.5202,0.893411765,0.776308824,0,0.766666667,0.550147843,0.207956218,1
324,110,4,4.5,4,9.15,1,1,0.128058824,0.732,0.928202614,0.891985294,0,0.9,0.62022854,0.226075678,1
300,100,3,3,3.5,8.26,0,1,0.271176471,0.29736,0.423614379,0.752088235,0,0.433333333,-0.359407285,0.174036168,0
340,113,4,5,5,9.74,1,1,0.026,0.7792,0.971888889,0.9935,0,1,0.63337037,0.24511333,1
335,117,5,5,5,9.82,1,1,0.032441176,0.982,0.980764706,0.991823529,0,1,0.691400784,0.250693746,1
302,101,2,2.5,3.5,7.96,0,0,0.292964706,0.19104,0.42098366,0.721058824,1,0.4,-0.251014937,0.190331131,0
307,105,2,2,3.5,8.1,0,0,0.268617647,0.1944,0.862647059,0.703235294,1,0.366666667,0.359102745,0.200528704,1
296,97,2,1.5,2,7.8,0,0,0.320941176,0.1872,0.409820261,0.587647059,1,0.233333333,-0.230468148,0.19054563,0
320,108,3,3.5,4,8.44,1,1,0.205647059,0.5064,0.895058824,0.821294118,0,0.833333333,0.560931765,0.211902792,1
314,102,2,2,2.5,8.24,0,1,0.239011765,0.19776,0.865843137,0.661882353,0,0.3,0.424314562,0.196686631,1
318,106,3,2,3,8.65,0,1,0.190970588,0.3114,0.894542484,0.700073529,0,0.333333333,0.455182702,0.199539518,1
326,112,4,4,3.5,9.12,1,1,0.125552941,0.7296,0.934718954,0.842705882,0,0.833333333,0.611382309,0.221807899,1
317,104,2,3,3,8.76,0,1,0.183258824,0.21024,0.891673203,0.752088235,0,0.4,0.434879599,0.204653388,1
329,111,4,4.5,4,9.23,1,1,0.106861765,0.7384,0.93854902,0.897661765,0,0.9,0.619495817,0.228370602,1
324,110,3,3.5,3.5,9.04,1,1,0.138541176,0.5424,0.924535948,0.814235294,0,0.8,0.557266057,0.215675522,1
325,107,3,3,3.5,9.11,1,1,0.129191176,0.5466,0.91951634,0.791720588,0,0.766666667,0.550086318,0.213678998,1
330,116,4,5,4.5,9.45,1,1,0.082794118,0.756,0.960751634,0.953897059,0,0.966666667,0.633523965,0.236772554,1
312,103,3,3.5,4,8.78,0,1,0.194305882,0.31608,0.884660131,0.823911765,0,0.5,0.477925211,0.205384461,1
333,117,4,5,4,9.66,1,1,0.053888235,0.7728,0.973470588,0.936352941,0,0.933333333,0.629617255,0.237543345,1
304,100,2,3.5,3,8.22,0,1,0.265035294,0.19728,0.424908497,0.754029412,0,0.433333333,-0.331582031,0.176922978,0
315,105,2,3,3,8.34,0,1,0.227323529,0.20016,0.878490196,0.740117647,0,0.4,0.439469072,0.20164928,1
324,109,3,3.5,3,8.94,1,1,0.148070588,0.5364,0.918424837,0.786735294,0,0.766666667,0.551710937,0.212210859,1
330,116,4,4,3.5,9.23,1,1,0.104147059,0.7384,0.953418301,0.848397059,0,0.833333333,0.613462527,0.224677465,1
311,101,3,2,2.5,7.64,1,1,0.301164706,0.4584,0.840124183,0.644676471,0,0.633333333,0.528824488,0.189314048,1
302,99,3,2.5,3,7.45,0,0,0.338264706,0.2682,0.409705882,0.683308824,1,0.366666667,-0.274976863,0.183644956,0
322,103,4,3,2.5,8.02,1,1,0.240458824,0.6416,0.869130719,0.712264706,0,0.7,0.579965054,0.199884512,1
298,100,3,2.5,4,7.95,1,0,0.303205882,0.477,0.41746732,0.742867647,1,0.766666667,-0.360142266,0.178552729,0
297,101,3,2,4,7.67,1,0,0.330002941,0.4602,0.413699346,0.710132353,1,0.733333333,-0.356517865,0.175500332,0
300,98,1,2,2.5,8.02,0,1,0.292352941,0.09624,0.416836601,0.646088235,0,0.3,-0.29046827,0.169014701,0
301,96,1,3,4,7.56,0,0,0.330717647,0.09072,0.406882353,0.760323529,1,0.466666667,-0.239044549,0.197044979,0
313,94,2,2.5,1.5,8.13,0,0,0.251561765,0.19512,0.838973856,0.633397059,1,0.266666667,0.334846597,0.20270935,1
314,102,4,2.5,2,7.88,1,0,0.272258824,0.6304,0.853843137,0.652882353,1,0.633333333,0.491297778,0.173974908,1
317,101,3,3,2,7.94,1,0,0.259711765,0.4764,0.856006536,0.681588235,1,0.666666667,0.452425272,0.179191419,1
321,110,4,3.5,4,8.35,1,1,0.211661765,0.668,0.898594771,0.819779412,0,0.833333333,0.606450763,0.21245779,1
327,106,4,4,4.5,8.75,1,1,0.158455882,0.7,0.906699346,0.884191176,0,0.9,0.613443355,0.222182357,1
315,104,3,4,2.5,8.1,0,1,0.249558824,0.2916,0.867712418,0.759117647,0,0.433333333,0.471095076,0.198266327,1
316,103,3,3.5,2,7.68,0,0,0.286211765,0.27648,0.851915033,0.699352941,1,0.366666667,0.382510048,0.193773865,1
309,111,2,2.5,4,8.03,0,0,0.270214706,0.19272,0.878941176,0.752955882,0,0.433333333,0.452736706,0.201482078,1
308,102,2,2,3.5,7.98,1,0,0.277105882,0.3192,0.851294118,0.700970588,1,0.7,0.418104314,0.186549366,1
299,100,3,2,3,7.42,0,0,0.347476471,0.26712,0.409124183,0.655352941,1,0.333333333,-0.272087076,0.183531723,0
321,112,3,3,4.5,8.95,1,1,0.155014706,0.537,0.924150327,0.834779412,0,0.833333333,0.564426362,0.216962051,1
322,112,4,3.5,2.5,9.02,1,1,0.145752941,0.7216,0.927464052,0.762264706,0,0.733333333,0.598265708,0.213564441,1
334,119,5,4.5,5,9.54,1,1,0.062835294,0.954,0.976006536,0.959088235,0,0.966666667,0.68548488,0.244605871,1
325,114,5,4,5,9.46,1,1,0.095735294,0.946,0.950627451,0.925470588,0,0.933333333,0.680001046,0.238356058,1
323,111,5,4,5,9.86,1,1,0.0633,0.986,0.953666667,0.934,0,0.933333333,0.683511111,0.242783177,1
312,106,3,3,5,8.57,0,1,0.213576471,0.30852,0.885993464,0.843661765,0,0.533333333,0.485650257,0.206422684,1
310,101,3,3.5,5,8.65,1,1,0.211323529,0.519,0.872810458,0.869191176,0,0.9,0.569037691,0.215869968,1
316,103,2,2,4.5,8.74,0,1,0.187694118,0.20976,0.887248366,0.775852941,0,0.433333333,0.439322231,0.205605401,1
340,115,5,5,4.5,9.06,1,1,0.094,0.906,0.954777778,0.9515,0,0.966666667,0.674727407,0.239499647,1
311,104,3,4,3.5,8.13,1,1,0.256344118,0.4878,0.86479085,0.806926471,0,0.833333333,0.560270109,0.207126021,1
320,112,2,3.5,3.5,8.78,1,1,0.173647059,0.3512,0.917503268,0.804794118,0,0.8,0.513010283,0.215059734,1
324,112,4,4.5,4,9.22,1,1,0.121388235,0.7376,0.936091503,0.893735294,0,0.9,0.622186754,0.227082497,1
316,111,4,4,5,8.54,0,1,0.206282353,0.40992,0.902803922,0.895852941,0,0.6,0.524736575,0.210088,1
306,103,3,3.5,3,8.21,0,1,0.2611,0.29556,0.859777778,0.75525,0,0.433333333,0.472803407,0.196924108,1
309,105,2,2.5,4,7.68,0,0,0.302023529,0.18432,0.850607843,0.744205882,1,0.433333333,0.370723503,0.197832995,1
310,110,1,1.5,4,7.23,1,0,0.340794118,0.1446,0.850477124,0.683691176,1,0.7,0.386927625,0.195994124,1
317,106,1,1.5,3.5,7.65,1,1,0.28675,0.153,0.860228758,0.674338235,0,0.666666667,0.453941394,0.202382119,1
318,110,1,2.5,3.5,8.54,1,1,0.201258824,0.1708,0.901986928,0.747323529,0,0.733333333,0.458198083,0.213429943,1
312,105,2,1.5,3,8.46,0,1,0.223670588,0.20304,0.87954902,0.665911765,0,0.3,0.425608837,0.198392525,1
305,104,2,2.5,1.5,7.79,0,0,0.301191176,0.18696,0.847575163,0.619014706,1,0.266666667,0.3470482,0.201181973,1
332,112,1,1.5,3,8.66,1,1,0.154376471,0.1732,0.925267974,0.685617647,0,0.633333333,0.43960793,0.210535125,1
331,116,4,4.5,4.5,9.44,1,1,0.080988235,0.7552,0.961398693,0.929382353,0,0.933333333,0.628373769,0.234369665,1
321,114,5,4.5,4.5,9.16,1,1,0.135188235,0.916,0.936705882,0.915029412,0,0.933333333,0.677974118,0.233513724,1
324,113,5,4,5,9.25,1,1,0.118529412,0.925,0.939869281,0.919485294,0,0.933333333,0.677131808,0.235288508,1
328,116,5,4.5,5,9.08,1,1,0.124047059,0.908,0.946457516,0.943176471,0,0.966666667,0.680388671,0.236806917,1
327,118,4,5,5,9.67,1,1,0.069973529,0.7736,0.970699346,0.982191176,0,1,0.642381394,0.241230881,1
320,108,3,3.5,5,8.97,1,1,0.155764706,0.5382,0.91272549,0.884544118,0,0.9,0.571214248,0.221687853,1
312,109,2,2.5,4,9.02,0,1,0.172282353,0.21648,0.909326797,0.779911765,0,0.433333333,0.443216715,0.208027236,1
315,101,3,3.5,4.5,9.13,0,1,0.154132353,0.32868,0.893712418,0.859867647,0,0.533333333,0.478529351,0.210289284,1
320,112,4,3,4.5,8.86,1,1,0.166117647,0.7088,0.920169935,0.831794118,0,0.833333333,0.611900218,0.217538487,1
324,113,4,4.5,4.5,9.25,1,1,0.118529412,0.74,0.939869281,0.919485294,0,0.933333333,0.627798475,0.230054053,1
328,116,4,5,3.5,9.6,1,1,0.073882353,0.768,0.96379085,0.906176471,0,0.9,0.626006972,0.23288938,1
319,103,3,2.5,4,8.76,1,1,0.178105882,0.5256,0.890856209,0.778558824,0,0.766666667,0.548834597,0.208373448,1
310,105,2,3,3.5,8.01,0,1,0.269676471,0.19224,0.862588235,0.753191176,0,0.433333333,0.448123216,0.200214088,1
305,102,2,1.5,2.5,7.64,0,0,0.314647059,0.18336,0.837019608,0.615264706,1,0.266666667,0.346561621,0.200227309,1
299,100,2,2,2,7.88,0,0,0.307023529,0.18912,0.41679085,0.616852941,1,0.266666667,-0.234130736,0.190200172,0
295,99,1,2,1.5,7.57,0,0,0.343191176,0.09084,0.40827451,0.581161765,1,0.233333333,-0.209774458,0.195669607,0
312,100,1,3,3,8.53,1,1,0.217247059,0.1706,0.867993464,0.742661765,0,0.733333333,0.452970414,0.210244722,1
329,113,4,4,3.5,9.36,1,1,0.094282353,0.7488,0.948437908,0.850911765,0,0.833333333,0.612478344,0.225436564,1
319,105,4,4,4.5,8.66,1,1,0.187488235,0.6928,0.893078431,0.876058824,0,0.9,0.614982484,0.219281972,1
301,102,3,2.5,2,8.13,1,1,0.280255882,0.4878,0.424715686,0.649573529,0,0.633333333,-0.420704967,0.173292795,0
307,105,4,3,3,7.94,0,1,0.283064706,0.38112,0.857313725,0.724235294,0,0.4,0.495671739,0.192780112,1
304,107,3,3.5,3,7.86,0,0,0.297223529,0.28296,0.428630719,0.745029412,1,0.433333333,-0.283286153,0.185060754,0
298,97,2,2,3,7.21,0,0,0.368064706,0.17304,0.40096732,0.649367647,1,0.333333333,-0.249835285,0.188310392,0
305,96,4,3,4.5,8.26,0,0,0.259029412,0.39648,0.841019608,0.805764706,1,0.5,0.423535582,0.187081731,1
314,99,4,3.5,4.5,8.73,1,1,0.193758824,0.6984,0.873843137,0.849132353,0,0.866666667,0.608197778,0.215455502,1
318,101,5,3.5,5,8.78,1,1,0.178811765,0.878,0.884986928,0.878323529,0,0.9,0.660078867,0.224488084,1
323,110,4,4,5,8.88,1,1,0.1564,0.7104,0.918222222,0.9095,0,0.933333333,0.623432593,0.225642818,1
326,114,4,4,3.5,9.16,1,1,0.121717647,0.7328,0.941607843,0.843705882,0,0.833333333,0.613129935,0.22254121,1
320,110,5,4,4,9.27,1,1,0.127529412,0.927,0.928281046,0.867044118,0,0.866666667,0.667446318,0.229944452,1
311,103,3,2,4,8.09,0,1,0.260002941,0.29124,0.860679739,0.730926471,0,0.4,0.466986832,0.195790248,1
327,116,4,4,4.5,9.48,1,1,0.088247059,0.7584,0.958810458,0.902441176,0,0.9,0.625650632,0.231260669,1
316,102,2,4,3.5,8.15,0,1,0.242529412,0.1956,0.864803922,0.811102941,0,0.5,0.452337124,0.205127586,1
308,105,4,3,2.5,7.95,1,1,0.279823529,0.636,0.858627451,0.700220588,0,0.7,0.585204575,0.196802017,1
300,101,3,3.5,2.5,7.88,0,0,0.304705882,0.28368,0.418669935,0.717588235,1,0.4,-0.277955277,0.184459884,0
304,104,3,2.5,2,8.12,0,1,0.273976471,0.29232,0.428797386,0.651529412,0,0.3,-0.341480715,0.16396614,0
309,105,4,3.5,2,8.18,0,1,0.256582353,0.39264,0.86727451,0.706705882,0,0.366666667,0.490268967,0.193736388,1
318,103,3,4,4.5,8.49,1,1,0.205935294,0.5094,0.880875817,0.871073529,0,0.9,0.567342179,0.216718227,1
325,110,4,4.5,4,8.96,1,1,0.143529412,0.7168,0.922849673,0.887970588,0,0.9,0.61855207,0.224348309,1
321,102,3,3.5,4,9.01,1,1,0.14935,0.5406,0.898372549,0.836279412,0,0.833333333,0.557121699,0.215911163,1
323,107,4,3,2.5,8.48,1,1,0.1944,0.6784,0.896555556,0.7245,0,0.7,0.585788148,0.205351795,1
328,113,4,4,2.5,8.77,1,1,0.153952941,0.7016,0.92779085,0.785426471,0,0.766666667,0.599725795,0.214411562,1
304,103,5,5,3,7.92,0,1,0.291858824,0.4752,0.424075163,0.821529412,0,0.533333333,-0.426024749,0.18159134,0
317,106,3,3.5,3,7.89,1,1,0.264373529,0.4734,0.868228758,0.755338235,0,0.766666667,0.550027669,0.201770114,1
311,101,2,2.5,3.5,8.34,1,1,0.237135294,0.3336,0.863457516,0.737176471,0,0.733333333,0.5000922,0.202884842,1
319,102,3,2.5,2.5,8.37,0,1,0.214697059,0.30132,0.875078431,0.693808824,0,0.333333333,0.45313017,0.196792393,1
327,115,4,3.5,4,9.14,0,1,0.120947059,0.43872,0.944699346,0.843941176,0,0.5,0.508679669,0.213021138,1
322,112,3,3,4,8.62,1,1,0.183635294,0.5172,0.914130719,0.802264706,0,0.8,0.55883878,0.211879151,1
302,110,3,4,4.5,8.5,0,1,0.245,0.306,0.44248366,0.859558824,0,0.566666667,-0.379027015,0.18834205,0
307,105,2,2.5,4.5,8.12,1,1,0.266811765,0.3248,0.863313725,0.778735294,0,0.8,0.514278954,0.206875241,1
297,99,4,3,3.5,7.81,0,0,0.317773529,0.37488,0.413254902,0.738632353,1,0.433333333,-0.30866617,0.17992701,0
298,101,4,2.5,4.5,7.69,1,0,0.325994118,0.6152,0.414522876,0.761367647,1,0.8,-0.406433943,0.175775324,0
300,95,2,3,1.5,8.22,1,1,0.274705882,0.3288,0.416003268,0.651088235,0,0.633333333,-0.374622832,0.173113353,0
301,99,3,2.5,2,8.45,1,1,0.251926471,0.507,0.425882353,0.657573529,0,0.633333333,-0.419221569,0.175165149,0
332,108,5,4.5,4,9.02,1,1,0.119223529,0.902,0.926156863,0.894617647,0,0.9,0.66287085,0.231601715,1
337,117,5,5,5,9.87,1,1,0.021708824,0.987,0.984392157,0.994544118,0,1,0.691057124,0.251941473,1
330,120,5,4.5,5,9.56,1,1,0.072117647,0.956,0.975529412,0.956647059,0,0.966666667,0.68817098,0.243890112,1
312,103,4,4,5,8.43,0,1,0.226423529,0.40464,0.872993464,0.890161765,0,0.6,0.520294806,0.206934946,1
327,113,4,4.5,4.5,9.04,0,1,0.130564706,0.43392,0.935810458,0.916441176,0,0.6,0.521394004,0.217280919,1
302,102,1,2,1.5,8,0,0,0.289411765,0.096,0.423039216,0.597058824,1,0.233333333,-0.202018301,0.196958853,0
303,102,3,3.5,3,8.5,0,1,0.2425,0.306,0.431862745,0.760294118,0,0.433333333,-0.356920261,0.175546057,0
298,98,2,1.5,2.5,7.5,1,0,0.342647059,0.3,0.407189542,0.606617647,1,0.6,-0.296485839,0.1775115,0
295,93,1,2,2,7.2,0,0,0.375294118,0.0864,0.39377451,0.596911765,0,0.266666667,-0.297211242,0.165488468,0
300,97,2,3,3,8.1,1,1,0.285294118,0.324,0.416781046,0.723088235,0,0.733333333,-0.390133769,0.184168888,0
300,105,1,1,2,7.8,0,0,0.311764706,0.0936,0.422892157,0.565588235,1,0.2,-0.202115556,0.197057978,0
304,105,1,3,1.5,7.5,0,0,0.329411765,0.09,0.419852941,0.636029412,1,0.3,-0.218686275,0.195219872,0
298,99,2,4,2,7.6,0,0,0.333882353,0.1824,0.410245098,0.709117647,1,0.4,-0.255803399,0.188998346,0
300,99,1,3,2,6.8,1,0,0.4,0.136,0.397892157,0.640588235,0,0.666666667,-0.353618301,0.179879871,0
304,105,2,3,3,8.2,1,0,0.266823529,0.328,0.431519608,0.728529412,1,0.733333333,-0.310640523,0.18544375,0
301,99,2,3,2,8.22,0,1,0.272288235,0.19728,0.42204902,0.676823529,0,0.333333333,-0.31857715,0.168093532,0
296,95,2,3,2,7.54,1,0,0.343576471,0.3016,0.40270915,0.656147059,1,0.666666667,-0.305261264,0.179661504,0
294,93,1,1.5,2,7.36,0,0,0.363576471,0.08832,0.39595098,0.575176471,0,0.233333333,-0.290773438,0.163609147,0
299,97,3,5,3.5,7.66,0,0,0.326370588,0.27576,0.408957516,0.836352941,1,0.566666667,-0.301865063,0.187743345,0
298,98,2,4,3,8.03,0,0,0.296194118,0.19272,0.416022876,0.769867647,1,0.466666667,-0.260239277,0.191351253,0
301,97,2,3,3,7.88,1,0,0.302388235,0.3152,0.413604575,0.718323529,1,0.733333333,-0.311117298,0.184205241,0
303,99,3,2,2.5,7.66,0,0,0.317358824,0.27576,0.413696078,0.639294118,1,0.3,-0.263627503,0.184853721,0
304,100,4,1.5,2.5,7.84,0,0,0.299011765,0.37632,0.418575163,0.619529412,1,0.266666667,-0.2826042,0.182811821,0
304,103,5,5,4,8.64,0,1,0.227482353,0.5184,0.436075163,0.889529412,0,0.6,-0.434351024,0.192216425,0
305,108,5,3,3,8.48,0,1,0.239294118,0.5088,0.881686275,0.736264706,0,0.4,0.525509281,0.196786894,1
301,107,3,3.5,3.5,8.34,1,1,0.261664706,0.5004,0.435160131,0.779823529,0,0.8,-0.445645839,0.192078471,0
299,102,3,4,3.5,8.62,0,0,0.241947059,0.31032,0.431901961,0.810352941,1,0.5,-0.287273307,0.188900172,0
290,104,4,2,2.5,7.46,0,0,0.363705882,0.35808,0.410934641,0.624735294,1,0.3,-0.29603763,0.179560397,0
296,99,2,3,3.5,7.28,0,0,0.366211765,0.17472,0.403931373,0.724647059,1,0.433333333,-0.264601935,0.188597421,0
301,106,4,2.5,3,8.47,0,0,0.250155882,0.40656,0.435937908,0.708073529,1,0.366666667,-0.29735356,0.182884665,0
300,100,3,2,3,8.66,1,1,0.235882353,0.5196,0.430281046,0.687088235,0,0.666666667,-0.424503965,0.179648982,0
303,105,5,5,4.5,8.65,0,1,0.229132353,0.519,0.438529412,0.914044118,0,0.633333333,-0.440233333,0.195334887,0
297,100,1,1.5,2,7.9,0,0,0.309911765,0.0948,0.416143791,0.590882353,1,0.233333333,-0.20483207,0.196348812,0
298,99,1,1.5,3,7.46,0,0,0.346152941,0.08952,0.407911765,0.630617647,1,0.3,-0.219405333,0.194793025,0
302,102,3,3.5,5,8.33,0,1,0.2601,0.29988,0.428539216,0.855308824,0,0.566666667,-0.377363163,0.187513251,0
300,104,3,3.5,3,8.16,0,1,0.28,0.29376,0.427503268,0.749588235,0,0.433333333,-0.361637264,0.173729688,0
305,107,2,2.5,2.5,8.42,0,1,0.244676471,0.20208,0.876908497,0.684764706,0,0.333333333,0.434425168,0.198197618,1
295,99,2,2.5,3,7.65,0,0,0.33625,0.1836,0.409607843,0.683161765,1,0.366666667,-0.251841699,0.188624312,0
305,106,2,3,3,8.16,0,1,0.268,0.19584,0.865464052,0.728264706,0,0.4,0.444742257,0.198860579,1
301,104,3,3.5,4,8.12,1,1,0.281141176,0.4872,0.427326797,0.799323529,0,0.833333333,-0.449457342,0.194786522,0
305,105,2,3,2,8.23,0,1,0.261720588,0.19752,0.865019608,0.680014706,0,0.333333333,0.434203895,0.196613646,1
304,100,2,2.5,3.5,8.07,0,1,0.278447059,0.19368,0.422408497,0.725279412,0,0.4,-0.328565168,0.173431003,0
299,100,1,1.5,2,7.89,0,0,0.306144118,0.09468,0.416957516,0.592102941,1,0.233333333,-0.204110004,0.196480573,0
296,101,1,2.5,3,7.68,0,0,0.331388235,0.09216,0.413375817,0.684647059,0,0.366666667,-0.307284845,0.173256157,0
299,96,2,1.5,2,7.86,0,0,0.308782353,0.18864,0.410901961,0.591352941,1,0.233333333,-0.228194719,0.190897882,0
294,95,1,1.5,1.5,7.64,0,0,0.339364706,0.09168,0.403395425,0.557176471,1,0.2,-0.203091486,0.196498799,0
304,102,2,3,4,8.73,0,1,0.219435294,0.20952,0.436186275,0.791779412,0,0.466666667,-0.331380105,0.182201892,0
300,102,2,1.5,2,7.87,0,0,0.305588235,0.18888,0.419892157,0.592338235,1,0.233333333,-0.229883163,0.190933402,0
302,99,2,1,2,7.97,0,0,0.292076471,0.19128,0.418372549,0.571308824,1,0.2,-0.222165778,0.192219712,0
305,112,3,3,3.5,8.65,0,1,0.224044118,0.3114,0.898464052,0.765514706,0,0.433333333,0.478283355,0.201554295,1
301,100,3,3.5,3,8.04,0,1,0.288223529,0.28944,0.420437908,0.747323529,0,0.433333333,-0.360612932,0.173327999,0
305,105,2,3,4,8.13,0,1,0.270691176,0.19512,0.861686275,0.777514706,0,0.466666667,0.45353383,0.201637621,1
298,101,2,1.5,2,7.86,0,0,0.311094118,0.18864,0.417356209,0.590617647,1,0.233333333,-0.230473499,0.190757467,0
300,99,1,1,2.5,8.01,0,0,0.293235294,0.09612,0.418058824,0.595838235,1,0.233333333,-0.201644157,0.196827943,0
305,102,2,2,2.5,8.18,0,1,0.266205882,0.19632,0.855019608,0.653764706,0,0.3,0.427646641,0.194684639,1
297,96,2,2.5,1.5,7.89,0,0,0.310785294,0.18936,0.410421569,0.615632353,1,0.266666667,-0.233401752,0.19009877,0
305,103,2,2.5,3.5,8.13,0,0,0.270691176,0.19512,0.856130719,0.727514706,1,0.4,0.362719015,0.199540148,1
295,96,2,1.5,2,7.34,0,0,0.363147059,0.17616,0.40027451,0.575411765,1,0.233333333,-0.235254693,0.189978769,0
304,97,2,1.5,2,7.64,0,0,0.316894118,0.18336,0.411075163,0.589529412,1,0.233333333,-0.228850161,0.190900224,0
299,94,1,1,1,7.34,0,0,0.354511765,0.08808,0.399457516,0.503352941,0,0.133333333,-0.275481377,0.159955254,0
302,99,1,2,2,7.25,0,0,0.356029412,0.087,0.406372549,0.603308824,1,0.266666667,-0.216105229,0.19506308,0
303,100,2,3,3.5,8.06,1,1,0.281711765,0.3224,0.421751634,0.749294118,0,0.766666667,-0.394840436,0.188343299,0
300,102,3,3.5,2.5,8.17,0,1,0.279117647,0.29412,0.424892157,0.724838235,0,0.4,-0.356155007,0.170887848,0
297,98,2,2.5,3,7.67,0,0,0.330002941,0.18408,0.40953268,0.685132353,1,0.366666667,-0.25044142,0.188876974,0
301,104,2,3.5,3.5,7.89,1,1,0.301502941,0.3156,0.423493464,0.768573529,0,0.8,-0.402978257,0.191579285,0
298,92,1,2,2,7.88,0,0,0.309341176,0.09456,0.405189542,0.616117647,1,0.266666667,-0.20638027,0.195983654,0
301,98,1,2,3,8.03,1,1,0.289108824,0.1606,0.417493464,0.672073529,0,0.666666667,-0.338353159,0.181473501,0
304,101,2,2,2.5,7.66,0,0,0.315105882,0.18384,0.416964052,0.640029412,1,0.3,-0.239445002,0.189718286,0
297,96,2,2.5,2,7.43,0,0,0.350967647,0.17832,0.402754902,0.629132353,1,0.3,-0.242875268,0.188853535,0
290,100,1,1.5,2,7.56,0,0,0.355176471,0.09072,0.407045752,0.577235294,1,0.233333333,-0.212296749,0.195372642,0
303,98,1,2,2.5,7.65,0,0,0.31825,0.0918,0.412140523,0.639044118,1,0.3,-0.214374336,0.195550012,0
300,100,3,3,3.5,8.26,0,1,0.271176471,0.29736,0.423614379,0.752088235,0,0.433333333,-0.359407285,0.174036168,0
302,101,2,2.5,3.5,7.96,0,0,0.292964706,0.19104,0.42098366,0.721058824,1,0.4,-0.251014937,0.190331131,0
296,97,2,1.5,2,7.8,0,0,0.320941176,0.1872,0.409820261,0.587647059,1,0.233333333,-0.230468148,0.19054563,0
304,100,2,3.5,3,8.22,0,1,0.265035294,0.19728,0.424908497,0.754029412,0,0.433333333,-0.331582031,0.176922978,0
302,99,3,2.5,3,7.45,0,0,0.338264706,0.2682,0.409705882,0.683308824,1,0.366666667,-0.274976863,0.183644956,0
298,100,3,2.5,4,7.95,1,0,0.303205882,0.477,0.41746732,0.742867647,1,0.766666667,-0.360142266,0.178552729,0
297,101,3,2,4,7.67,1,0,0.330002941,0.4602,0.413699346,0.710132353,1,0.733333333,-0.356517865,0.175500332,0
300,98,1,2,2.5,8.02,0,1,0.292352941,0.09624,0.416836601,0.646088235,0,0.3,-0.29046827,0.169014701,0
301,96,1,3,4,7.56,0,0,0.330717647,0.09072,0.406882353,0.760323529,1,0.466666667,-0.239044549,0.197044979,0
299,100,3,2,3,7.42,0,0,0.347476471,0.26712,0.409124183,0.655352941,1,0.333333333,-0.272087076,0.183531723,0
305,104,2,2.5,1.5,7.79,0,0,0.301191176,0.18696,0.847575163,0.619014706,1,0.266666667,0.3470482,0.201181973,1
305,102,2,1.5,2.5,7.64,0,0,0.314647059,0.18336,0.837019608,0.615264706,1,0.266666667,0.346561621,0.200227309,1
299,100,2,2,2,7.88,0,0,0.307023529,0.18912,0.41679085,0.616852941,1,0.266666667,-0.234130736,0.190200172,0
295,99,1,2,1.5,7.57,0,0,0.343191176,0.09084,0.40827451,0.581161765,1,0.233333333,-0.209774458,0.195669607,0
301,102,3,2.5,2,8.13,1,1,0.280255882,0.4878,0.424715686,0.649573529,0,0.633333333,-0.420704967,0.173292795,0
304,107,3,3.5,3,7.86,0,0,0.297223529,0.28296,0.428630719,0.745029412,1,0.433333333,-0.283286153,0.185060754,0
298,97,2,2,3,7.21,0,0,0.368064706,0.17304,0.40096732,0.649367647,1,0.333333333,-0.249835285,0.188310392,0
305,96,4,3,4.5,8.26,0,0,0.259029412,0.39648,0.841019608,0.805764706,1,0.5,0.423535582,0.187081731,1
300,101,3,3.5,2.5,7.88,0,0,0.304705882,0.28368,0.418669935,0.717588235,1,0.4,-0.277955277,0.184459884,0
304,104,3,2.5,2,8.12,0,1,0.273976471,0.29232,0.428797386,0.651529412,0,0.3,-0.341480715,0.16396614,0
304,103,5,5,3,7.92,0,1,0.291858824,0.4752,0.424075163,0.821529412,0,0.533333333,-0.426024749,0.18159134,0
302,110,3,4,4.5,8.5,0,1,0.245,0.306,0.44248366,0.859558824,0,0.566666667,-0.379027015,0.18834205,0
297,99,4,3,3.5,7.81,0,0,0.317773529,0.37488,0.413254902,0.738632353,1,0.433333333,-0.30866617,0.17992701,0
298,101,4,2.5,4.5,7.69,1,0,0.325994118,0.6152,0.414522876,0.761367647,1,0.8,-0.406433943,0.175775324,0
300,95,2,3,1.5,8.22,1,1,0.274705882,0.3288,0.416003268,0.651088235,0,0.633333333,-0.374622832,0.173113353,0
301,99,3,2.5,2,8.45,1,1,0.251926471,0.507,0.425882353,0.657573529,0,0.633333333,-0.419221569,0.175165149,0
302,102,1,2,1.5,8,0,0,0.289411765,0.096,0.423039216,0.597058824,1,0.233333333,-0.202018301,0.196958853,0
303,102,3,3.5,3,8.5,0,1,0.2425,0.306,0.431862745,0.760294118,0,0.433333333,-0.356920261,0.175546057,0
298,98,2,1.5,2.5,7.5,1,0,0.342647059,0.3,0.407189542,0.606617647,1,0.6,-0.296485839,0.1775115,0
295,93,1,2,2,7.2,0,0,0.375294118,0.0864,0.39377451,0.596911765,0,0.266666667,-0.297211242,0.165488468,0
300,97,2,3,3,8.1,1,1,0.285294118,0.324,0.416781046,0.723088235,0,0.733333333,-0.390133769,0.184168888,0
300,105,1,1,2,7.8,0,0,0.311764706,0.0936,0.422892157,0.565588235,1,0.2,-0.202115556,0.197057978,0
304,105,1,3,1.5,7.5,0,0,0.329411765,0.09,0.419852941,0.636029412,1,0.3,-0.218686275,0.195219872,0
298,99,2,4,2,7.6,0,0,0.333882353,0.1824,0.410245098,0.709117647,1,0.4,-0.255803399,0.188998346,0
300,99,1,3,2,6.8,1,0,0.4,0.136,0.397892157,0.640588235,0,0.666666667,-0.353618301,0.179879871,0
304,105,2,3,3,8.2,1,0,0.266823529,0.328,0.431519608,0.728529412,1,0.733333333,-0.310640523,0.18544375,0
301,99,2,3,2,8.22,0,1,0.272288235,0.19728,0.42204902,0.676823529,0,0.333333333,-0.31857715,0.168093532,0
296,95,2,3,2,7.54,1,0,0.343576471,0.3016,0.40270915,0.656147059,1,0.666666667,-0.305261264,0.179661504,0
294,93,1,1.5,2,7.36,0,0,0.363576471,0.08832,0.39595098,0.575176471,0,0.233333333,-0.290773438,0.163609147,0
299,97,3,5,3.5,7.66,0,0,0.326370588,0.27576,0.408957516,0.836352941,1,0.566666667,-0.301865063,0.187743345,0
298,98,2,4,3,8.03,0,0,0.296194118,0.19272,0.416022876,0.769867647,1,0.466666667,-0.260239277,0.191351253,0
301,97,2,3,3,7.88,1,0,0.302388235,0.3152,0.413604575,0.718323529,1,0.733333333,-0.311117298,0.184205241,0
303,99,3,2,2.5,7.66,0,0,0.317358824,0.27576,0.413696078,0.639294118,1,0.3,-0.263627503,0.184853721,0
304,100,4,1.5,2.5,7.84,0,0,0.299011765,0.37632,0.418575163,0.619529412,1,0.266666667,-0.2826042,0.182811821,0
304,103,5,5,4,8.64,0,1,0.227482353,0.5184,0.436075163,0.889529412,0,0.6,-0.434351024,0.192216425,0
305,108,5,3,3,8.48,0,1,0.239294118,0.5088,0.881686275,0.736264706,0,0.4,0.525509281,0.196786894,1
301,107,3,3.5,3.5,8.34,1,1,0.261664706,0.5004,0.435160131,0.779823529,0,0.8,-0.445645839,0.192078471,0
299,102,3,4,3.5,8.62,0,0,0.241947059,0.31032,0.431901961,0.810352941,1,0.5,-0.287273307,0.188900172,0
290,104,4,2,2.5,7.46,0,0,0.363705882,0.35808,0.410934641,0.624735294,1,0.3,-0.29603763,0.179560397,0
296,99,2,3,3.5,7.28,0,0,0.366211765,0.17472,0.403931373,0.724647059,1,0.433333333,-0.264601935,0.188597421,0
301,106,4,2.5,3,8.47,0,0,0.250155882,0.40656,0.435937908,0.708073529,1,0.366666667,-0.29735356,0.182884665,0
300,100,3,2,3,8.66,1,1,0.235882353,0.5196,0.430281046,0.687088235,0,0.666666667,-0.424503965,0.179648982,0
303,105,5,5,4.5,8.65,0,1,0.229132353,0.519,0.438529412,0.914044118,0,0.633333333,-0.440233333,0.195334887,0
297,100,1,1.5,2,7.9,0,0,0.309911765,0.0948,0.416143791,0.590882353,1,0.233333333,-0.20483207,0.196348812,0
298,99,1,1.5,3,7.46,0,0,0.346152941,0.08952,0.407911765,0.630617647,1,0.3,-0.219405333,0.194793025,0
302,102,3,3.5,5,8.33,0,1,0.2601,0.29988,0.428539216,0.855308824,0,0.566666667,-0.377363163,0.187513251,0
300,104,3,3.5,3,8.16,0,1,0.28,0.29376,0.427503268,0.749588235,0,0.433333333,-0.361637264,0.173729688,0
305,107,2,2.5,2.5,8.42,0,1,0.244676471,0.20208,0.876908497,0.684764706,0,0.333333333,0.434425168,0.198197618,1
295,99,2,2.5,3,7.65,0,0,0.33625,0.1836,0.409607843,0.683161765,1,0.366666667,-0.251841699,0.188624312,0
305,106,2,3,3,8.16,0,1,0.268,0.19584,0.865464052,0.728264706,0,0.4,0.444742257,0.198860579,1
301,104,3,3.5,4,8.12,1,1,0.281141176,0.4872,0.427326797,0.799323529,0,0.833333333,-0.449457342,0.194786522,0
305,105,2,3,2,8.23,0,1,0.261720588,0.19752,0.865019608,0.680014706,0,0.333333333,0.434203895,0.196613646,1
304,100,2,2.5,3.5,8.07,0,1,0.278447059,0.19368,0.422408497,0.725279412,0,0.4,-0.328565168,0.173431003,0
299,100,1,1.5,2,7.89,0,0,0.306144118,0.09468,0.416957516,0.592102941,1,0.233333333,-0.204110004,0.196480573,0
296,101,1,2.5,3,7.68,0,0,0.331388235,0.09216,0.413375817,0.684647059,0,0.366666667,-0.307284845,0.173256157,0
299,96,2,1.5,2,7.86,0,0,0.308782353,0.18864,0.410901961,0.591352941,1,0.233333333,-0.228194719,0.190897882,0
294,95,1,1.5,1.5,7.64,0,0,0.339364706,0.09168,0.403395425,0.557176471,1,0.2,-0.203091486,0.196498799,0
304,102,2,3,4,8.73,0,1,0.219435294,0.20952,0.436186275,0.791779412,0,0.466666667,-0.331380105,0.182201892,0
300,102,2,1.5,2,7.87,0,0,0.305588235,0.18888,0.419892157,0.592338235,1,0.233333333,-0.229883163,0.190933402,0
302,99,2,1,2,7.97,0,0,0.292076471,0.19128,0.418372549,0.571308824,1,0.2,-0.222165778,0.192219712,0
305,112,3,3,3.5,8.65,0,1,0.224044118,0.3114,0.898464052,0.765514706,0,0.433333333,0.478283355,0.201554295,1
301,100,3,3.5,3,8.04,0,1,0.288223529,0.28944,0.420437908,0.747323529,0,0.433333333,-0.360612932,0.173327999,0
305,105,2,3,4,8.13,0,1,0.270691176,0.19512,0.861686275,0.777514706,0,0.466666667,0.45353383,0.201637621,1
298,101,2,1.5,2,7.86,0,0,0.311094118,0.18864,0.417356209,0.590617647,1,0.233333333,-0.230473499,0.190757467,0
300,99,1,1,2.5,8.01,0,0,0.293235294,0.09612,0.418058824,0.595838235,1,0.233333333,-0.201644157,0.196827943,0
305,102,2,2,2.5,8.18,0,1,0.266205882,0.19632,0.855019608,0.653764706,0,0.3,0.427646641,0.194684639,1
297,96,2,2.5,1.5,7.89,0,0,0.310785294,0.18936,0.410421569,0.615632353,1,0.266666667,-0.233401752,0.19009877,0
305,103,2,2.5,3.5,8.13,0,0,0.270691176,0.19512,0.856130719,0.727514706,1,0.4,0.362719015,0.199540148,1
295,96,2,1.5,2,7.34,0,0,0.363147059,0.17616,0.40027451,0.575411765,1,0.233333333,-0.235254693,0.189978769,0
304,97,2,1.5,2,7.64,0,0,0.316894118,0.18336,0.411075163,0.589529412,1,0.233333333,-0.228850161,0.190900224,0
299,94,1,1,1,7.34,0,0,0.354511765,0.08808,0.399457516,0.503352941,0,0.133333333,-0.275481377,0.159955254,0
302,99,1,2,2,7.25,0,0,0.356029412,0.087,0.406372549,0.603308824,1,0.266666667,-0.216105229,0.19506308,0
303,100,2,3,3.5,8.06,1,1,0.281711765,0.3224,0.421751634,0.749294118,0,0.766666667,-0.394840436,0.188343299,0
300,102,3,3.5,2.5,8.17,0,1,0.279117647,0.29412,0.424892157,0.724838235,0,0.4,-0.356155007,0.170887848,0
297,98,2,2.5,3,7.67,0,0,0.330002941,0.18408,0.40953268,0.685132353,1,0.366666667,-0.25044142,0.188876974,0
301,104,2,3.5,3.5,7.89,1,1,0.301502941,0.3156,0.423493464,0.768573529,0,0.8,-0.402978257,0.191579285,0
298,92,1,2,2,7.88,0,0,0.309341176,0.09456,0.405189542,0.616117647,1,0.266666667,-0.20638027,0.195983654,0
301,98,1,2,3,8.03,1,1,0.289108824,0.1606,0.417493464,0.672073529,0,0.666666667,-0.338353159,0.181473501,0
304,101,2,2,2.5,7.66,0,0,0.315105882,0.18384,0.416964052,0.640029412,1,0.3,-0.239445002,0.189718286,0
297,96,2,2.5,2,7.43,0,0,0.350967647,0.17832,0.402754902,0.629132353,1,0.3,-0.242875268,0.188853535,0
290,100,1,1.5,2,7.56,0,0,0.355176471,0.09072,0.407045752,0.577235294,1,0.233333333,-0.212296749,0.195372642,0
303,98,1,2,2.5,7.65,0,0,0.31825,0.0918,0.412140523,0.639044118,1,0.3,-0.214374336,0.195550012,0
300,100,3,3,3.5,8.26,0,1,0.271176471,0.29736,0.423614379,0.752088235,0,0.433333333,-0.359407285,0.174036168,0
302,101,2,2.5,3.5,7.96,0,0,0.292964706,0.19104,0.42098366,0.721058824,1,0.4,-0.251014937,0.190331131,0
296,97,2,1.5,2,7.8,0,0,0.320941176,0.1872,0.409820261,0.587647059,1,0.233333333,-0.230468148,0.19054563,0
304,100,2,3.5,3,8.22,0,1,0.265035294,0.19728,0.424908497,0.754029412,0,0.433333333,-0.331582031,0.176922978,0
302,99,3,2.5,3,7.45,0,0,0.338264706,0.2682,0.409705882,0.683308824,1,0.366666667,-0.274976863,0.183644956,0
298,100,3,2.5,4,7.95,1,0,0.303205882,0.477,0.41746732,0.742867647,1,0.766666667,-0.360142266,0.178552729,0
297,101,3,2,4,7.67,1,0,0.330002941,0.4602,0.413699346,0.710132353,1,0.733333333,-0.356517865,0.175500332,0
300,98,1,2,2.5,8.02,0,1,0.292352941,0.09624,0.416836601,0.646088235,0,0.3,-0.29046827,0.169014701,0
301,96,1,3,4,7.56,0,0,0.330717647,0.09072,0.406882353,0.760323529,1,0.466666667,-0.239044549,0.197044979,0
299,100,3,2,3,7.42,0,0,0.347476471,0.26712,0.409124183,0.655352941,1,0.333333333,-0.272087076,0.183531723,0
305,104,2,2.5,1.5,7.79,0,0,0.301191176,0.18696,0.847575163,0.619014706,1,0.266666667,0.3470482,0.201181973,1
305,102,2,1.5,2.5,7.64,0,0,0.314647059,0.18336,0.837019608,0.615264706,1,0.266666667,0.346561621,0.200227309,1
299,100,2,2,2,7.88,0,0,0.307023529,0.18912,0.41679085,0.616852941,1,0.266666667,-0.234130736,0.190200172,0
295,99,1,2,1.5,7.57,0,0,0.343191176,0.09084,0.40827451,0.581161765,1,0.233333333,-0.209774458,0.195669607,0
301,102,3,2.5,2,8.13,1,1,0.280255882,0.4878,0.424715686,0.649573529,0,0.633333333,-0.420704967,0.173292795,0
304,107,3,3.5,3,7.86,0,0,0.297223529,0.28296,0.428630719,0.745029412,1,0.433333333,-0.283286153,0.185060754,0
298,97,2,2,3,7.21,0,0,0.368064706,0.17304,0.40096732,0.649367647,1,0.333333333,-0.249835285,0.188310392,0
305,96,4,3,4.5,8.26,0,0,0.259029412,0.39648,0.841019608,0.805764706,1,0.5,0.423535582,0.187081731,1
300,101,3,3.5,2.5,7.88,0,0,0.304705882,0.28368,0.418669935,0.717588235,1,0.4,-0.277955277,0.184459884,0
304,104,3,2.5,2,8.12,0,1,0.273976471,0.29232,0.428797386,0.651529412,0,0.3,-0.341480715,0.16396614,0
304,103,5,5,3,7.92,0,1,0.291858824,0.4752,0.424075163,0.821529412,0,0.533333333,-0.426024749,0.18159134,0
302,110,3,4,4.5,8.5,0,1,0.245,0.306,0.44248366,0.859558824,0,0.566666667,-0.379027015,0.18834205,0
297,99,4,3,3.5,7.81,0,0,0.317773529,0.37488,0.413254902,0.738632353,1,0.433333333,-0.30866617,0.17992701,0
298,101,4,2.5,4.5,7.69,1,0,0.325994118,0.6152,0.414522876,0.761367647,1,0.8,-0.406433943,0.175775324,0
300,95,2,3,1.5,8.22,1,1,0.274705882,0.3288,0.416003268,0.651088235,0,0.633333333,-0.374622832,0.173113353,0
301,99,3,2.5,2,8.45,1,1,0.251926471,0.507,0.425882353,0.657573529,0,0.633333333,-0.419221569,0.175165149,0
302,102,1,2,1.5,8,0,0,0.289411765,0.096,0.423039216,0.597058824,1,0.233333333,-0.202018301,0.196958853,0
303,102,3,3.5,3,8.5,0,1,0.2425,0.306,0.431862745,0.760294118,0,0.433333333,-0.356920261,0.175546057,0
298,98,2,1.5,2.5,7.5,1,0,0.342647059,0.3,0.407189542,0.606617647,1,0.6,-0.296485839,0.1775115,0
295,93,1,2,2,7.2,0,0,0.375294118,0.0864,0.39377451,0.596911765,0,0.266666667,-0.297211242,0.165488468,0
300,97,2,3,3,8.1,1,1,0.285294118,0.324,0.416781046,0.723088235,0,0.733333333,-0.390133769,0.184168888,0
300,105,1,1,2,7.8,0,0,0.311764706,0.0936,0.422892157,0.565588235,1,0.2,-0.202115556,0.197057978,0
304,105,1,3,1.5,7.5,0,0,0.329411765,0.09,0.419852941,0.636029412,1,0.3,-0.218686275,0.195219872,0
298,99,2,4,2,7.6,0,0,0.333882353,0.1824,0.410245098,0.709117647,1,0.4,-0.255803399,0.188998346,0
300,99,1,3,2,6.8,1,0,0.4,0.136,0.397892157,0.640588235,0,0.666666667,-0.353618301,0.179879871,0
304,105,2,3,3,8.2,1,0,0.266823529,0.328,0.431519608,0.728529412,1,0.733333333,-0.310640523,0.18544375,0
301,99,2,3,2,8.22,0,1,0.272288235,0.19728,0.42204902,0.676823529,0,0.333333333,-0.31857715,0.168093532,0
296,95,2,3,2,7.54,1,0,0.343576471,0.3016,0.40270915,0.656147059,1,0.666666667,-0.305261264,0.179661504,0
294,93,1,1.5,2,7.36,0,0,0.363576471,0.08832,0.39595098,0.575176471,0,0.233333333,-0.290773438,0.163609147,0
299,97,3,5,3.5,7.66,0,0,0.326370588,0.27576,0.408957516,0.836352941,1,0.566666667,-0.301865063,0.187743345,0
298,98,2,4,3,8.03,0,0,0.296194118,0.19272,0.416022876,0.769867647,1,0.466666667,-0.260239277,0.191351253,0
301,97,2,3,3,7.88,1,0,0.302388235,0.3152,0.413604575,0.718323529,1,0.733333333,-0.311117298,0.184205241,0
303,99,3,2,2.5,7.66,0,0,0.317358824,0.27576,0.413696078,0.639294118,1,0.3,-0.263627503,0.184853721,0
304,100,4,1.5,2.5,7.84,0,0,0.299011765,0.37632,0.418575163,0.619529412,1,0.266666667,-0.2826042,0.182811821,0
304,103,5,5,4,8.64,0,1,0.227482353,0.5184,0.436075163,0.889529412,0,0.6,-0.434351024,0.192216425,0
305,108,5,3,3,8.48,0,1,0.239294118,0.5088,0.881686275,0.736264706,0,0.4,0.525509281,0.196786894,1
301,107,3,3.5,3.5,8.34,1,1,0.261664706,0.5004,0.435160131,0.779823529,0,0.8,-0.445645839,0.192078471,0
299,102,3,4,3.5,8.62,0,0,0.241947059,0.31032,0.431901961,0.810352941,1,0.5,-0.287273307,0.188900172,0
290,104,4,2,2.5,7.46,0,0,0.363705882,0.35808,0.410934641,0.624735294,1,0.3,-0.29603763,0.179560397,0
296,99,2,3,3.5,7.28,0,0,0.366211765,0.17472,0.403931373,0.724647059,1,0.433333333,-0.264601935,0.188597421,0
301,106,4,2.5,3,8.47,0,0,0.250155882,0.40656,0.435937908,0.708073529,1,0.366666667,-0.29735356,0.182884665,0
300,100,3,2,3,8.66,1,1,0.235882353,0.5196,0.430281046,0.687088235,0,0.666666667,-0.424503965,0.179648982,0
303,105,5,5,4.5,8.65,0,1,0.229132353,0.519,0.438529412,0.914044118,0,0.633333333,-0.440233333,0.195334887,0
297,100,1,1.5,2,7.9,0,0,0.309911765,0.0948,0.416143791,0.590882353,1,0.233333333,-0.20483207,0.196348812,0
298,99,1,1.5,3,7.46,0,0,0.346152941,0.08952,0.407911765,0.630617647,1,0.3,-0.219405333,0.194793025,0
302,102,3,3.5,5,8.33,0,1,0.2601,0.29988,0.428539216,0.855308824,0,0.566666667,-0.377363163,0.187513251,0
300,104,3,3.5,3,8.16,0,1,0.28,0.29376,0.427503268,0.749588235,0,0.433333333,-0.361637264,0.173729688,0
305,107,2,2.5,2.5,8.42,0,1,0.244676471,0.20208,0.876908497,0.684764706,0,0.333333333,0.434425168,0.198197618,1
295,99,2,2.5,3,7.65,0,0,0.33625,0.1836,0.409607843,0.683161765,1,0.366666667,-0.251841699,0.188624312,0
305,106,2,3,3,8.16,0,1,0.268,0.19584,0.865464052,0.728264706,0,0.4,0.444742257,0.198860579,1
301,104,3,3.5,4,8.12,1,1,0.281141176,0.4872,0.427326797,0.799323529,0,0.833333333,-0.449457342,0.194786522,0
305,105,2,3,2,8.23,0,1,0.261720588,0.19752,0.865019608,0.680014706,0,0.333333333,0.434203895,0.196613646,1
304,100,2,2.5,3.5,8.07,0,1,0.278447059,0.19368,0.422408497,0.725279412,0,0.4,-0.328565168,0.173431003,0
299,100,1,1.5,2,7.89,0,0,0.306144118,0.09468,0.416957516,0.592102941,1,0.233333333,-0.204110004,0.196480573,0
296,101,1,2.5,3,7.68,0,0,0.331388235,0.09216,0.413375817,0.684647059,0,0.366666667,-0.307284845,0.173256157,0
299,96,2,1.5,2,7.86,0,0,0.308782353,0.18864,0.410901961,0.591352941,1,0.233333333,-0.228194719,0.190897882,0
294,95,1,1.5,1.5,7.64,0,0,0.339364706,0.09168,0.403395425,0.557176471,1,0.2,-0.203091486,0.196498799,0
304,102,2,3,4,8.73,0,1,0.219435294,0.20952,0.436186275,0.791779412,0,0.466666667,-0.331380105,0.182201892,0
300,102,2,1.5,2,7.87,0,0,0.305588235,0.18888,0.419892157,0.592338235,1,0.233333333,-0.229883163,0.190933402,0
302,99,2,1,2,7.97,0,0,0.292076471,0.19128,0.418372549,0.571308824,1,0.2,-0.222165778,0.192219712,0
305,112,3,3,3.5,8.65,0,1,0.224044118,0.3114,0.898464052,0.765514706,0,0.433333333,0.478283355,0.201554295,1
301,100,3,3.5,3,8.04,0,1,0.288223529,0.28944,0.420437908,0.747323529,0,0.433333333,-0.360612932,0.173327999,0
305,105,2,3,4,8.13,0,1,0.270691176,0.19512,0.861686275,0.777514706,0,0.466666667,0.45353383,0.201637621,1
298,101,2,1.5,2,7.86,0,0,0.311094118,0.18864,0.417356209,0.590617647,1,0.233333333,-0.230473499,0.190757467,0
300,99,1,1,2.5,8.01,0,0,0.293235294,0.09612,0.418058824,0.595838235,1,0.233333333,-0.201644157,0.196827943,0
305,102,2,2,2.5,8.18,0,1,0.266205882,0.19632,0.855019608,0.653764706,0,0.3,0.427646641,0.194684639,1
297,96,2,2.5,1.5,7.89,0,0,0.310785294,0.18936,0.410421569,0.615632353,1,0.266666667,-0.233401752,0.19009877,0
305,103,2,2.5,3.5,8.13,0,0,0.270691176,0.19512,0.856130719,0.727514706,1,0.4,0.362719015,0.199540148,1
295,96,2,1.5,2,7.34,0,0,0.363147059,0.17616,0.40027451,0.575411765,1,0.233333333,-0.235254693,0.189978769,0
304,97,2,1.5,2,7.64,0,0,0.316894118,0.18336,0.411075163,0.589529412,1,0.233333333,-0.228850161,0.190900224,0
299,94,1,1,1,7.34,0,0,0.354511765,0.08808,0.399457516,0.503352941,0,0.133333333,-0.275481377,0.159955254,0
302,99,1,2,2,7.25,0,0,0.356029412,0.087,0.406372549,0.603308824,1,0.266666667,-0.216105229,0.19506308,0
303,100,2,3,3.5,8.06,1,1,0.281711765,0.3224,0.421751634,0.749294118,0,0.766666667,-0.394840436,0.188343299,0
300,102,3,3.5,2.5,8.17,0,1,0.279117647,0.29412,0.424892157,0.724838235,0,0.4,-0.356155007,0.170887848,0
297,98,2,2.5,3,7.67,0,0,0.330002941,0.18408,0.40953268,0.685132353,1,0.366666667,-0.25044142,0.188876974,0
301,104,2,3.5,3.5,7.89,1,1,0.301502941,0.3156,0.423493464,0.768573529,0,0.8,-0.402978257,0.191579285,0
298,92,1,2,2,7.88,0,0,0.309341176,0.09456,0.405189542,0.616117647,1,0.266666667,-0.20638027,0.195983654,0
301,98,1,2,3,8.03,1,1,0.289108824,0.1606,0.417493464,0.672073529,0,0.666666667,-0.338353159,0.181473501,0
304,101,2,2,2.5,7.66,0,0,0.315105882,0.18384,0.416964052,0.640029412,1,0.3,-0.239445002,0.189718286,0
297,96,2,2.5,2,7.43,0,0,0.350967647,0.17832,0.402754902,0.629132353,1,0.3,-0.242875268,0.188853535,0
290,100,1,1.5,2,7.56,0,0,0.355176471,0.09072,0.407045752,0.577235294,1,0.233333333,-0.212296749,0.195372642,0
303,98,1,2,2.5,7.65,0,0,0.31825,0.0918,0.412140523,0.639044118,1,0.3,-0.214374336,0.195550012,0
300,100,3,3,3.5,8.26,0,1,0.271176471,0.29736,0.423614379,0.752088235,0,0.433333333,-0.359407285,0.174036168,0
302,101,2,2.5,3.5,7.96,0,0,0.292964706,0.19104,0.42098366,0.721058824,1,0.4,-0.251014937,0.190331131,0
296,97,2,1.5,2,7.8,0,0,0.320941176,0.1872,0.409820261,0.587647059,1,0.233333333,-0.230468148,0.19054563,0
304,100,2,3.5,3,8.22,0,1,0.265035294,0.19728,0.424908497,0.754029412,0,0.433333333,-0.331582031,0.176922978,0
302,99,3,2.5,3,7.45,0,0,0.338264706,0.2682,0.409705882,0.683308824,1,0.366666667,-0.274976863,0.183644956,0
298,100,3,2.5,4,7.95,1,0,0.303205882,0.477,0.41746732,0.742867647,1,0.766666667,-0.360142266,0.178552729,0
297,101,3,2,4,7.67,1,0,0.330002941,0.4602,0.413699346,0.710132353,1,0.733333333,-0.356517865,0.175500332,0
300,98,1,2,2.5,8.02,0,1,0.292352941,0.09624,0.416836601,0.646088235,0,0.3,-0.29046827,0.169014701,0
301,96,1,3,4,7.56,0,0,0.330717647,0.09072,0.406882353,0.760323529,1,0.466666667,-0.239044549,0.197044979,0
299,100,3,2,3,7.42,0,0,0.347476471,0.26712,0.409124183,0.655352941,1,0.333333333,-0.272087076,0.183531723,0
305,104,2,2.5,1.5,7.79,0,0,0.301191176,0.18696,0.847575163,0.619014706,1,0.266666667,0.3470482,0.201181973,1
305,102,2,1.5,2.5,7.64,0,0,0.314647059,0.18336,0.837019608,0.615264706,1,0.266666667,0.346561621,0.200227309,1
299,100,2,2,2,7.88,0,0,0.307023529,0.18912,0.41679085,0.616852941,1,0.266666667,-0.234130736,0.190200172,0
295,99,1,2,1.5,7.57,0,0,0.343191176,0.09084,0.40827451,0.581161765,1,0.233333333,-0.209774458,0.195669607,0
301,102,3,2.5,2,8.13,1,1,0.280255882,0.4878,0.424715686,0.649573529,0,0.633333333,-0.420704967,0.173292795,0
304,107,3,3.5,3,7.86,0,0,0.297223529,0.28296,0.428630719,0.745029412,1,0.433333333,-0.283286153,0.185060754,0
298,97,2,2,3,7.21,0,0,0.368064706,0.17304,0.40096732,0.649367647,1,0.333333333,-0.249835285,0.188310392,0
305,96,4,3,4.5,8.26,0,0,0.259029412,0.39648,0.841019608,0.805764706,1,0.5,0.423535582,0.187081731,1
300,101,3,3.5,2.5,7.88,0,0,0.304705882,0.28368,0.418669935,0.717588235,1,0.4,-0.277955277,0.184459884,0
304,104,3,2.5,2,8.12,0,1,0.273976471,0.29232,0.428797386,0.651529412,0,0.3,-0.341480715,0.16396614,0
304,103,5,5,3,7.92,0,1,0.291858824,0.4752,0.424075163,0.821529412,0,0.533333333,-0.426024749,0.18159134,0
302,110,3,4,4.5,8.5,0,1,0.245,0.306,0.44248366,0.859558824,0,0.566666667,-0.379027015,0.18834205,0
297,99,4,3,3.5,7.81,0,0,0.317773529,0.37488,0.413254902,0.738632353,1,0.433333333,-0.30866617,0.17992701,0
298,101,4,2.5,4.5,7.69,1,0,0.325994118,0.6152,0.414522876,0.761367647,1,0.8,-0.406433943,0.175775324,0
300,95,2,3,1.5,8.22,1,1,0.274705882,0.3288,0.416003268,0.651088235,0,0.633333333,-0.374622832,0.173113353,0
301,99,3,2.5,2,8.45,1,1,0.251926471,0.507,0.425882353,0.657573529,0,0.633333333,-0.419221569,0.175165149,0
